date,market,HML,SMB,momentum,quality
2023-01-02,0.005267141530112327,0.0033529287264191156,0.0005679628688994876,-0.0020520758395147776,-0.004893603910334776
2023-01-03,-0.0010826430117118467,0.003098952239655199,0.002363756870816398,0.006659618304279731,0.004784814682359708
2023-01-04,0.006776885381006925,0.005703903627773109,-0.005950183427546171,0.004002035697460185,0.00042397689681185536
2023-01-05,0.015530298564080254,0.00446961077274452,-0.0018162107093851792,0.004401415939202865,0.0016290063913421255
2023-01-06,-0.0020415337472333597,0.0025959003961421832,0.0034770587184873086,-0.007895734267203205,0.0031546493117221297
2023-01-09,-0.0020413695694918056,-5.082855729323504e-05,-0.004717157692676998,0.007571663912318403,-0.002763487372680902
2023-01-10,0.016092128155073916,-0.008004804667579956,0.0014742317286665172,0.0018675031874031364,0.0017204156971056853
2023-01-11,0.007974347291529089,0.0024480910956629293,-0.005126327218493621,-0.001915662835477219,-0.0005029232726963807
2023-01-12,-0.004394743859349521,0.0013384384358155557,0.0021657199297341052,0.0011603308040535065,0.002840312325649481
2023-01-13,0.005725600435859647,0.0016578941859768676,0.0001574340708100657,-0.01035741139738992,-0.006081682261054486
2023-01-16,-0.004334176928124623,-0.006083742879101548,-0.006160527263622038,0.002751916868884025,2.7170992761929644e-06
2023-01-17,-0.004357297535702569,-0.005105282702041312,0.004958957417828686,-0.00587622904909243,-0.0015084619673518848
2023-01-18,0.002719622715660341,0.005565764266664518,-0.0026383663071921962,-0.007816021715061208,0.0015967888519024668
2023-01-19,-0.01883280244657798,0.00010222423071672477,-0.002941009748057523,-0.008834155117307348,0.0017101325621046068
2023-01-20,-0.016949178325130328,0.0037075034868631223,0.0011022767889237715,0.006976130249939551,-0.0018228776844660787
2023-01-23,-0.005322875292409727,0.0004415918806522965,0.004894549397714861,-0.0034755803621567324,-0.001836521592528131
2023-01-24,-0.009828311203344238,0.00044878069747871614,-0.003763287275913588,0.009502366259498995,-3.1996105671988375e-05
2023-01-25,0.003442473325952739,0.004991419029879989,0.0005467193993918866,-0.0029148087783137868,-0.0023899266819456247
2023-01-26,-0.008780240755212112,-0.0022802236410868694,0.0020152660013222916,-0.00994414774555768,0.002825951086356381
2023-01-27,-0.013823037013352918,0.0007806038847049171,0.0030724224290525765,-0.006399146639691955,-0.0008076216013423385
2023-01-30,0.014956487689215541,-0.002011376443525214,0.0010057662211089007,0.007714869720041632,-0.008420964657964925
2023-01-31,-0.0019577630048653568,-0.001872481137161578,-0.0011681113563332894,-0.0006353890676200052,-0.0008244661698654184
2023-02-01,0.0009752820468792384,-0.0012458606173431969,-0.003010360882594879,-0.0029897237789436055,-0.002815631462531917
2023-02-02,-0.013947481862134568,0.0014106688581685637,0.000644575532185499,0.001260109355116726,-0.004593827446382837
2023-02-03,-0.005143827245251827,-0.0020937431083173853,-0.003988556047942428,0.00331069641700527,-0.0034122799146677177
2023-02-06,0.0014092258970986608,0.006578780627867604,-0.01138540193397843,0.007004392895414764,0.0006282254154989102
2023-02-07,-0.011209935774223028,-0.00417303651109752,0.0020462392166306713,0.008990995379357556,0.004285922484744693
2023-02-08,0.004056980183456719,-0.0006343582208067953,0.0039157393643447815,-0.0018586118747345149,0.00123955342159494
2023-02-09,-0.00570638689918805,-0.0018986552913708747,-0.009151729742167354,-0.007656286116492231,-0.0015195101646472199
2023-02-10,-0.0026169374979327677,0.007534889421768665,-0.0037389228188397503,-0.0021807909667396564,0.0016677125855121086
2023-02-13,-0.005717066122293969,0.0012827738825578732,0.0027766170440207912,0.001861683039497317,-0.0010772709306569753
2023-02-14,0.018822781845089377,0.005459222697343174,0.008529981878846795,-0.005482553557263665,-0.0017838011074894338
2023-02-15,0.00016502775262066083,-0.00712780186518486,0.0003831748307016315,-0.0054429054893702575,-0.003163088004698953
2023-02-16,-0.010277109289559,0.0016352513293462943,-0.002612011764916537,0.0023627272892993126,-0.004955486420255157
2023-02-17,0.00852544912103189,0.004748153978117185,-0.00043158576441936066,8.08589057729308e-06,-0.000869771119678336
2023-02-20,-0.011908436499710223,0.0007114199463771209,0.005799505676592739,0.000496781972469519,0.0007741604697603955
2023-02-21,0.002388635950047554,0.005627401875326756,-0.002283856716498141,-0.004250972008200417,1.0128989955330798e-05
2023-02-22,-0.019296701238797755,-0.002286442250501861,-0.0028967680266010144,-0.001082404285234604,-0.0009479007838420759
2023-02-23,-0.012981860488984306,0.007346737200927899,-0.0016309740887281298,-0.005245398865609826,-0.0025372381820903435
2023-02-24,0.0022686123586912353,0.01179449061809625,-0.0035133144330348493,0.005641190466748721,0.0021247385750549058
2023-02-27,0.007684665799954104,-0.0015141928021982953,0.000790681263979182,0.006511496008342515,-0.003651395759839755
2023-02-28,0.002013682811899705,-0.001927512607003859,0.006798713833878242,-0.010777127173428564,0.0026280837415304263
2023-03-01,-0.0008564828238824053,0.007566922385588505,0.0015923170924641162,-0.0052770651611544605,-0.0027066510567801743
2023-03-02,-0.002711036955892888,0.008197860728653562,-0.0007094140085051505,-0.008679175530540475,-0.001957305712059105
2023-03-03,-0.014485219903674275,-0.0023143001357663413,-0.0008672450756621764,-0.0036001436064413894,-0.0041003555718470315
2023-03-06,-0.0068984420839470866,-0.0018009340854792878,-0.005952763234786628,-0.0002006278187421652,-0.00120420644065691
2023-03-07,-0.004306387709597875,-0.001108923044302537,0.003832439108588636,-0.008397871318191181,0.0032259373754339364
2023-03-08,0.010871222262189157,-0.006422252555171385,-1.1348788051208169e-05,-0.005231158878751878,0.0018468842653318693
2023-03-09,0.003736182895684614,-0.004293259732420992,-0.00042191965436250264,-0.00572374423248899,0.003235266336084105
2023-03-10,-0.01733040155362734,-0.004720703833760339,0.013072430271379443,0.0015436039763936638,0.0018664276378018074
2023-03-13,0.00354083969394795,-0.0035389878255206422,0.001495011633462745,0.0007160660222175025,-0.003011009485591108
2023-03-14,-0.0035508228041631657,0.00012657556306609446,-0.0027071642003807374,-0.00403042532002352,-0.0006923676729826721
2023-03-15,-0.006469220003059588,0.0014710736626826011,-0.0014054303848221733,0.001360925232836388,-0.0020405973873523883
2023-03-16,0.0064167628884086786,0.008052502464070384,0.004893782836787019,-0.002980080507523592,0.004291724712117121
2023-03-17,0.01060999522495951,-0.0046917702036939546,0.0007530816421510579,-0.0013299306619563196,-0.003290365939278935
2023-03-20,0.009612801191161986,0.005221611992382919,-0.005453111913269467,0.010340712541791223,0.0029810930681673327
2023-03-21,-0.008092175232226386,-0.0007699442211275448,0.003976915738300814,0.008342766310742088,0.002978861610326308
2023-03-22,-0.002792123758512146,5.268145173783529e-05,-0.002372576342155976,-0.007497487421565586,0.005788860605148262
2023-03-23,0.0036126343140356395,0.003674097460833018,0.0077931911048701825,0.005278394507275047,-0.0009290597778884921
2023-03-24,0.010055451271223592,-0.005313610107811493,0.004620192262858594,0.005168379326949552,0.002436966478740486
2023-03-27,-0.0044917423784529,0.002212048730920253,-0.0014892875826350044,-0.00658957973251571,0.007144955509616528
2023-03-28,-0.0015565897666381713,0.00113226104106528,0.00542406544694045,0.0052126658625291636,-0.0015529250308010901
2023-03-29,-0.010763349740060282,0.002762256320040744,0.0005714220421096132,0.009527591510475317,-0.004305120742597079
2023-03-30,-0.011662066240806708,0.0017458432195390904,0.003711094700488879,-0.006435268837466483,-0.005340030101723291
2023-03-31,0.008425258223941981,0.01257650069955447,0.002238931269177899,-0.005205016926085582,0.002438136086583994
2023-04-03,0.01386240028570823,-0.00288869992125658,-0.0030854266199634942,0.006405968801061015,-0.005349450624175751
2023-04-04,-0.0004201012158033385,-0.0023549847750090882,-0.0022741993292698477,0.0019289718649538878,-0.0008169571588137686
2023-04-05,0.010335328978920241,-0.002815702632123822,0.004419843270324645,0.0036088576514371395,0.001611939561116882
2023-04-06,0.003916360250476342,-0.0024773855958012733,-0.0010391013284261636,0.0023435352984029806,0.0008555266104897421
2023-04-07,-0.006151197546051243,-0.0028869356365325886,-0.001314593852967987,0.002644175525568865,0.0015763345925525168
2023-04-10,0.003913956055084139,0.006245082655537759,-0.003520490317397412,-0.007658832769866498,0.0009668695674025622
2023-04-11,0.015680365664659694,0.0074025212399492744,0.0019943962623738443,0.00658390623972869,0.0041365974399401794
2023-04-12,-5.8260391099515344e-05,-0.0025537314687473812,0.00855009967697258,0.0073175399545666415,-0.002556949142216391
2023-04-13,0.01594643655814006,-0.0038617778655211437,-0.003970131657017092,-0.0010763444644081666,-0.001730985415375594
2023-04-14,-0.025897451040897444,0.0026570777819320203,0.00039687782669103227,3.913830111682539e-05,-0.002017978335812472
2023-04-17,0.00851902504375224,-0.002461115221404858,0.005948882221661717,-0.008886645015334337,0.0027905754355878306
2023-04-18,0.0011704706823817133,0.0034646590887775558,-1.856556498286085e-05,0.00338552853610701,0.0030011957651851907
2023-04-19,-0.0026900735046586784,0.0013146151042564985,0.002109487184998937,0.0037323446502848644,0.0016536759579555244
2023-04-20,0.001217607765355023,-0.00727872057498616,-0.003949574112587519,-7.314610199586605e-05,0.0038504810006697835
2023-04-21,-0.019575689146008927,0.008037526006650308,0.002013228388830594,0.007046120159223016,-0.003234122602129142
2023-04-24,-0.0018967188783751193,0.00927938836547761,-0.0004485770600181952,-0.0017044633858796432,0.0053016723346534095
2023-04-25,0.0038711257151174644,-0.0027639434524219303,0.004242919982719452,0.0036876355553616016,0.004869715865136773
2023-04-26,0.015078940447415161,-0.0016385077996799204,0.005049544206259004,-0.0058179860321526935,0.00250686599173724
2023-04-27,-0.0048827021827364744,0.0017293269536245257,0.010658254568074454,0.00015868709475457126,0.00564539672631318
2023-04-28,-0.007784936028931876,0.001972283949935126,0.002618532692854303,-0.0007461255474170151,-0.004669869623033321
2023-05-01,-0.004717570435845366,0.0035927213633641522,0.0016031852663286657,0.0016518475322456485,-0.0012733444087879556
2023-05-02,0.009454021177020742,0.010351022693831749,0.0010775372063093441,-0.0019171615730001498,-0.001905910382045857
2023-05-03,0.0035875110965968445,-0.0005847361374702471,-0.0011126651712427534,-0.0004888355740300069,0.0024644379712720297
2023-05-04,-0.004997602037670388,-0.003691486222692269,0.0016539353738467646,0.005256283028649038,-0.002850422218806437
2023-05-05,0.005432674331133561,-0.006596596140072636,-0.0008816056405561177,-0.0023205854234293046,0.0025724854480124568
2023-05-08,0.001270775493480404,-0.0033546501997095955,0.0009738439050784571,-0.009339462604432075,0.004411608431990141
2023-05-09,0.009986449905328893,0.0001343651356310145,0.005570390142431839,0.010797503425232525,0.002385608700251998
2023-05-10,-0.006720530938773524,0.009272789317588938,-0.0037261702611185647,0.00858872447214292,0.0011512530709845033
2023-05-11,-0.0029766214659776823,-0.0022880564951808574,0.004859514244516181,-0.007453576170633712,-0.002663620022702248
2023-05-12,-0.0036210815313215765,0.0014189397581944926,0.005568460269359461,0.004438246831471166,-0.002240552898376094
2023-05-15,-0.014335149481321186,0.0002178855196362396,-0.000172274107964315,-0.0027178486233080585,0.00404885671589
2023-05-16,0.0032612027706457607,0.00624196636724042,-0.008187419596034378,0.0018809232919863575,0.0026380470117159972
2023-05-17,0.0029105527217988935,0.012934662129368108,-0.00213128794837773,0.0020653447740809623,0.00018294144186736762
2023-05-18,0.000351134566424609,-0.0023543438646016035,0.005487978186244437,-0.001106446801897932,-0.0009537286372976717
2023-05-19,-0.0020458713337514743,-0.002147197212591111,0.00020852775080447148,-0.004402593993518379,-0.005777423619334131
2023-05-22,-0.013853707420504143,0.0055208043853453605,-0.0036972089291796434,-0.0038432463138975566,-0.0029125572560533167
2023-05-23,-0.00390645322765359,0.0037094574481315572,-0.0017190996849128699,-0.0051971514928874545,0.0060342572614191705
2023-05-24,-0.003127145165267695,0.009533536628680167,0.003662480106018212,-0.004690933249382669,-0.0035413667130074003
2023-05-25,-0.007722772692216189,0.0032196409266298195,0.0024869342728055174,-0.00010306974029613158,0.000868439463663242
2023-05-26,-0.0013128571166600915,-0.0014964604539352978,-0.0006557283966787781,-0.003994559934664511,0.0033223319195855956
2023-05-29,0.004340508568145384,0.0032532741534615464,-0.0011672976472587515,0.0043923123942757195,-0.0034647680040068773
2023-05-30,0.019161859012105303,0.005843517902914539,-0.0012670325961752877,0.009223476932015563,0.0008541314243432498
2023-05-31,0.0020457781283183896,0.004402410905986821,-0.0033896407379940103,-0.0031803194482202582,0.003113746612531965
2023-06-01,0.00287550390722764,0.0028363701555364895,0.0067615027578777675,0.0017364270032122625,0.00033749796572175096
2023-06-02,-0.00044445915766167107,0.0056333734479457696,-0.0009892818768453596,0.003298110661817604,0.008905209167000305
2023-06-05,-0.018887712152990416,0.006146477952228364,0.005168634083301986,0.003132013625515647,-0.004705797776634586
2023-06-06,3.4861245507831184e-05,0.007210794955187636,0.006385264207689805,0.0007557316074965244,0.0034761855896516367
2023-06-07,0.0009023020994102643,0.0035435494379482133,0.0042932435925918415,0.004756094510158333,-0.00021840521218939317
2023-06-08,0.02493242112485286,-0.0005355904015842718,-0.0014264812508721937,0.0031934937160839434,0.0026157604645100255
2023-06-09,-0.0016236096478112253,0.0010335684321666142,0.0019149203613464379,-0.0071259745339637874,0.0016239214550977374
2023-06-12,0.0033154734233361246,0.0063325448325417845,0.0002032175744363353,0.0055149363863356395,-0.0018994685913299898
2023-06-13,-4.711769705243315e-05,-0.0037846783549361804,-0.0033148074429205127,0.005623745023600453,0.0009869891773780207
2023-06-14,-0.01138678037619532,0.002143366544364506,0.001597437126886412,-0.00427971662507149,-0.0052737043541948615
2023-06-15,0.011728228145150206,-0.0016666940616368035,-0.0044161591646392105,0.0005276270126856121,0.0021097425017141814
2023-06-16,0.007819330326867742,0.0004437241146740874,0.005050717553846255,0.0043999739568664166,0.0011944753979715769
2023-06-19,0.00821031947043047,0.006692259313036493,-0.0015584691891935723,-0.0009558829174761695,0.0022159805059293073
2023-06-20,-0.008793874547947389,0.0012554953400995166,0.001104638623491357,0.006737868286596071,0.003474354975261451
2023-06-21,0.014327943109360992,0.000532182740780744,0.0014331514861845686,0.014483234967716165,0.0014028595206291327
2023-06-22,-0.013718510627922809,-0.006499280704899597,-0.0007356198948163093,-0.004415916195809894,0.0007442682593948286
2023-06-23,0.006168570938002703,0.004031267830136104,0.0026467752059010988,-0.00798626761892265,-0.0023432050099838767
2023-06-26,0.022204556258099785,0.0035274209057053773,-0.0015996146264900977,0.0021229115736292542,-0.0018366622909471528
2023-06-27,-0.009605363251306884,0.0111162736165273,0.0037851891898289768,0.004629375030756861,0.003860203860531993
2023-06-28,-0.005362977296027719,-0.0012388911747650028,-0.005083918720986994,-0.001085198243068614,0.004609006217117935
2023-06-29,0.0012965136508764122,0.001395751638319694,0.0008055183181856473,0.009019563979926207,-0.00041433130893616223
2023-06-30,-0.0047347565411619925,0.0015469184185537763,0.00805571599623314,-0.007731634798339493,0.0004380082417598223
2023-07-03,-0.015206634310661327,0.008187266398817372,-0.003701325298422299,0.0044575117381896665,-0.0024138431249812985
2023-07-04,0.0009856297480602732,-0.00017647766193476053,-0.0024109798820994063,-0.0033351649245533604,0.0038182705358023347
2023-07-05,-0.010323037137261048,0.0016951076288516961,0.00235563139863566,0.01061626743724378,0.002296250471075336
2023-07-06,0.005035924306351816,0.003339482548582696,0.0010183271277583918,0.01225509211900871,0.006123652309391247
2023-07-07,-0.008894242342338035,0.0012330456157817905,0.0017025203970942367,-0.004299939526700087,-0.0023349692315392167
2023-07-10,0.0157993440501754,-0.0019321680727526413,0.002256748520590654,-0.0029973428154514807,-0.0008340236970546516
2023-07-11,-0.007532532923362371,0.001270449964491538,0.00283888587424708,0.005457527321878812,0.0009943377675767167
2023-07-12,-0.0029206151620567557,0.00566815874929886,0.004738799367824893,-0.0020227838987370876,0.0022394686131773115
2023-07-13,0.008435172173696697,-0.004832576497055301,0.0019392746277140502,2.7532692406570644e-05,-0.00034700291264289703
2023-07-14,-0.012008643164339552,0.00096484837073438,-0.0006650306184741698,0.00045233052325446106,-0.0023188832713611014
2023-07-17,0.002574599346041294,-0.0032006040746958664,0.002990294804810924,-0.011218038937185938,0.0029442225867707134
2023-07-18,0.013371427542824282,0.006275233144624213,0.00789952773958086,0.00021697352343457644,0.002463406087636745
2023-07-19,-0.015774832345612277,-0.007315934523918874,-0.00023053498553029424,-0.0038383666443850446,-0.002448822301691175
2023-07-20,0.002146338585323042,-0.002494609236357942,-0.003598117218682566,-0.0026587369343986323,0.004366328403316487
2023-07-21,0.002898827942484235,0.0021860593753226043,0.004728322677147892,0.008961792020812886,0.0038105961275898114
2023-07-24,0.0081182287177731,0.008127620146171702,-0.000181524655814393,-0.007239041365675538,0.0007028894917433786
2023-07-25,-0.01206950710878082,-2.8751305364939037e-05,-0.008390678184056146,0.005179231120487864,0.0005387935871281091
2023-07-26,-0.012904566130842763,-0.0024759976334659916,0.0036896867086016866,-0.0013737775819908512,0.0019621733133477212
2023-07-27,0.0055194156561689765,0.00970578534720295,-0.001841312743815691,-0.0013785610109750064,-0.0022851092107687744
2023-07-28,0.003269846732331861,-0.0069400695020812204,-6.213312921664312e-05,0.005042231376310268,0.0003900944374922465
2023-07-31,0.0028049285034587664,-0.01069402978310041,0.0016279213222760596,0.0023403077674133427,-0.006157150633827541
2023-08-01,0.0037644820949697586,0.002500072250266662,0.0010619987191162663,0.003723677983317186,0.002929366936508807
2023-08-02,-0.006500247215784908,-0.002210271121763056,0.003137807268556158,0.006109107963197167,-0.004384479667325579
2023-08-03,0.0026225369716100354,-0.004806164085653567,-0.0014419454822793734,-0.0016878502990999365,0.004810259485286997
2023-08-04,0.0032307247329868127,0.003841782236496767,0.002352423192704331,-0.0033734204070465018,-0.000690360281899351
2023-08-07,-0.006843514180263678,0.001519003568855994,-0.0007381867103356688,-0.006210903159346789,-0.0003350009457935307
2023-08-08,0.018957745111447565,-0.002520393153683642,0.003255241923550012,-0.004652463179873731,-0.001583201718253517
2023-08-09,0.005038329209117875,-0.006101521993354472,0.0027614699360522135,0.017994566551852352,-0.0005641166217662292
2023-08-10,-0.011613034972026487,0.004662286641400723,-0.003441754808178381,0.0077680774844207205,0.00455559403544411
2023-08-11,0.006865536086338297,0.003551005889793305,0.0046439284647001285,-0.007806446197248128,-0.007163425969605238
2023-08-14,-0.009446816702273214,-0.00019587931889691458,-0.0018438537804561922,-0.007634747740461421,0.004130896158264563
2023-08-15,0.00817084603742452,0.00953318498023833,0.0035322311931245804,0.003191196370310949,0.0013140704433051245
2023-08-16,0.011885955790074041,-0.005050423831630763,0.0017691492536053622,0.0035835887842678013,-0.003321064943571647
2023-08-17,-0.007906823183517105,-0.007327625854623695,0.007652734707180489,0.0035933030119041864,-0.0029259371791477136
2023-08-18,0.009933761292443218,-0.003159540349406222,-0.0005938639294874086,-0.0012297347613221873,0.005329179081624609
2023-08-21,0.004427809269364983,7.206991822251094e-05,-0.00109726718447279,-0.00045272556001740133,-0.0025365206398281935
2023-08-22,0.0085206015999449,0.001516697246613459,0.00022232157644906965,0.0022672771449561446,-0.003160051531787879
2023-08-23,0.019267929826539475,-0.0009061802892816494,-0.0009127191313371003,0.0008153580377599824,0.003711943627094189
2023-08-24,-0.002153881160028705,0.002060276982571484,0.0034997676077682003,-0.013015802236485212,0.0013156586288577427
2023-08-25,-0.007237361643574896,-0.005957697120952222,-0.006165242433746352,-0.001078797783451163,-0.0025137767296091965
2023-08-28,-0.008595144296255233,0.007518823020366299,-0.0039147296765854175,-0.004808438605561882,0.000949874926213857
2023-08-29,-0.007858102849654384,-0.00011075589196284418,-0.003971211686316772,0.0013512685134510723,-0.002777258050920832
2023-08-30,-0.0004710170941410412,0.005886479157940639,0.004101230367894303,0.01821155401562046,0.0036024641952678155
2023-08-31,0.003711519748166435,0.002013626731888521,0.007142453490327701,0.0025048899928458265,0.003484112894619401
2023-09-01,0.0030669079933001906,0.0025837660957689196,-0.00011779687414988602,-0.0015811781170343875,0.0018960185964658294
2023-09-04,0.008571832490360238,0.0031488364011610184,-0.00037528689276004255,0.005830809011863513,0.0013849831837410497
2023-09-05,0.0004300189187790702,0.002538542800086574,0.0005802086524527254,0.0031961273232552763,0.005583564374602121
2023-09-06,0.014835340771573169,0.0035136137993377193,0.004947513210432761,0.0028205669427110477,0.0002990589821646758
2023-09-07,-0.0023465683323795608,0.006945762650662157,-0.0034094125367622966,0.0039411035592940265,-0.0032456223762624037
2023-09-08,0.027501691665896187,0.0012826058485073506,0.0012534759309391404,0.01263926138897725,0.0016484217384969207
2023-09-11,0.006556673477650063,0.0038450187879425614,0.004200790519129718,-0.006485330611955495,0.006558141148611341
2023-09-12,-0.008271575564162826,-0.00014867847143613364,0.00230437667975938,0.003141792460868727,-0.0027442784795575566
2023-09-13,-0.010408924980611124,0.007500586077247364,0.0010583264663949735,-0.0052582867798892305,-0.0007843883000819569
2023-09-14,0.005124724152431853,-0.0030819615102963484,0.004304184370268565,0.0036330758780534897,0.0015493381143043574
2023-09-15,-0.0019346278532585085,0.009304702164554078,-0.010512929171996949,-0.005212119068916566,0.00013828545298278245
2023-09-18,0.0074400049409209185,9.921024677828292e-05,0.0030115012781236307,-0.0022042008816305064,-0.002646910741131945
2023-09-19,0.005032376245735448,-0.006853875510590241,-0.0023163027325096954,-0.001470539485427438,0.0036655735686914126
2023-09-20,-0.00042828912656872777,0.0009405220745539464,-0.007022531587425828,0.0061549003160682545,0.007260122166051778
2023-09-21,-0.00816793718068405,-0.0031052582873744043,0.002344810398099923,0.005810726663654483,0.0008883943770717222
2023-09-22,-0.014848472246858646,0.004503217744943622,0.005794634180651831,-0.007174304258678307,-0.002412204869208002
2023-09-25,-0.004165149520670211,-0.0029631198965119556,-0.00024979405851076737,0.0006296046659990923,-0.004346881575160425
2023-09-26,0.008863987943234723,-0.0019309171660738987,0.0041114981888117534,-0.003957479128495036,0.0010739279436635426
2023-09-27,0.00244093744130204,-0.009147703654727656,0.0067491130319545815,-0.007251029464052008,0.003611632029948773
2023-09-28,-0.01215738778711988,-0.0019615315962453837,0.00555965781433619,-0.0010021023025462226,0.0017255032394861449
2023-09-29,0.00203180925851182,-0.011819396633144784,0.0068598581174855715,-0.0015508967307349185,0.00029278847724343844
2023-10-02,0.004153173797288368,-0.007619514117428617,0.003268509964287569,0.014860298918073134,-0.0014678149553679187
2023-10-03,-0.00853857436201133,0.004102073280721487,0.0006017345556063712,0.0028977589521641768,-0.0029764908981542693
2023-10-04,0.001837251059455279,0.004229000793254161,-0.006107863247588674,-0.007965705004525423,0.0028042539789746466
2023-10-05,0.000882087184459999,0.0024272878089248236,-0.0006842499525197939,-0.0030886440250256536,0.003041314864156757
2023-10-06,-0.011129702978306231,-0.004534880715646065,-0.0030729863812647656,0.006428299772576391,-0.0043371893600721995
2023-10-09,0.003877873603482833,6.14432192901007e-05,0.008983770869991255,0.01283065663721955,0.005069516934542052
2023-10-10,0.005907845263682344,0.000281987304547158,-0.0004035432497293465,-0.00921589987342775,0.002022213662682004
2023-10-11,0.011130512431752771,-0.005491823445962712,0.0007928192271379428,-0.010979546310834271,0.0044987839354373805
2023-10-12,0.01083802052034903,0.007816991508835754,0.0025059415041618705,0.011525791052230694,-0.0037263832454553455
2023-10-13,-0.013476693679570911,0.004686811452878357,0.00047440978548981487,0.0026376850642254234,-0.003797472466246317
2023-10-16,-0.009078250399151227,-0.0008048208691483198,0.007080204161723012,-0.004909756391258199,-0.00014690792930189078
2023-10-17,0.005450352672086598,0.00043442919497265386,-0.002190597446937808,0.003507774516734612,0.0018083532806855826
2023-10-18,0.005437859509122088,0.0013419140397377624,0.0010784298209489708,-0.015514486434101266,0.005689082468780891
2023-10-19,0.005450476863060478,-0.009908674342121454,-0.0026698823427921932,0.00032025303958296597,0.0024182367414453945
2023-10-20,0.03882731490654721,-0.0009358869126029846,-0.0049800900448828235,0.0022669270370585114,-0.0004280438304361
2023-10-23,0.00600890510693167,-0.003109921239988993,-0.002147076363621142,0.005845620837226978,-0.0027791076229976763
2023-10-24,0.01165565640180599,-0.004708100049474578,0.0001518528118063519,-0.005783375713755226,0.00399000171815745
2023-10-25,0.009840017634932023,-0.0011055014644297744,-0.00141720889806904,0.0008141229684201542,-0.0025941162772521453
2023-10-26,0.00681391251305798,0.009288432634247614,-0.002469683919495424,-0.005252547756357524,0.005185405664316967
2023-10-27,-0.002852692446403456,0.003504214306335049,-0.005325269854687335,0.0018323025340459026,-0.0005531539488195282
2023-10-30,0.007889692204932672,-0.0025558949489139842,-3.242229051477909e-05,-0.005072077934178145,0.005071746217853551
2023-10-31,-0.007428252145375718,0.003162913906780793,-0.005718881496124009,-0.002148605034961324,0.002336793870177835
2023-11-01,-0.0020681860674000886,0.0072967771829300105,0.0033402238547584106,-0.005674892368741374,-0.00011098646832737482
2023-11-02,-0.004553635478291035,0.0049231684145638445,0.0006297590117380131,0.0042068174509419425,-0.00125818911547838
2023-11-03,0.0011187413938632256,0.0005981518496008707,-0.005530205997859723,0.005450706699939992,-0.0007227236320382394
2023-11-06,0.023446585666735086,-0.0029346838885278698,-0.0009368363081994538,-0.0011077234197444828,0.0015849500771257126
2023-11-07,-0.018372651925917482,0.00379111656806795,-0.0027086256223623328,0.00052942796976017,0.0005314694886531502
2023-11-08,0.007162601903745136,0.0022674269271087486,0.0015766980416767218,-0.008391548487801265,-0.0014814342242061155
2023-11-09,-0.01582715871189652,0.004775966100138662,0.005661801784092578,-0.0014980598880407225,-0.00019689423095289673
2023-11-10,-0.004419318657894336,0.0034758590084098475,-0.007200689878582979,-1.2277022504687199e-06,0.0005357310891574493
2023-11-13,0.011189505969673663,0.005547763576596676,0.0007601043165896686,0.01602475854617985,-0.006086202283244436
2023-11-14,0.0009428001909546277,-0.00237617605780284,-0.0003405311822665614,-0.006371802154644982,0.001674504344366096
2023-11-15,-0.010477447779293061,0.006886970328171629,0.0029853603058018615,0.009085063432514624,-0.0026391636741504203
2023-11-16,-0.0068530370925996825,0.0012879980234619982,0.0011527865129507566,0.006281152640794848,-0.0031599972096172354
2023-11-17,0.007095977489346758,0.010676304363126327,-0.0027078773269552762,0.0019838184269408182,-0.004762033041332131
2023-11-20,-0.007003666317171367,-0.0031459390904478393,-0.0009762157426664727,0.0108517229051708,-0.005081677493603671
2023-11-21,0.0024645858958197487,0.008979819015826247,-0.0028841034272139563,0.0025326328356411773,-0.0037663425093368676
2023-11-22,0.0007557183990381377,0.001289553917313239,0.004604028554394394,0.0026349551740075723,-0.0018270628728914713
2023-11-23,-0.006216003476058169,-0.002957090018072242,0.00038524659468776887,-1.8723918105272095e-05,0.006159777412579705
2023-11-24,0.02173944089325326,-0.002119429170271608,0.00790476274301203,0.007641413294511765,-0.0012776390276856117
2023-11-27,0.006639190223180112,-0.0013017365409716008,5.7356744741516874e-05,0.006878815402865302,0.000833250318804094
2023-11-28,-0.019951425866576073,0.002420829732009582,-0.0025336270676418514,-0.0034540637249772747,0.0015014441595189861
2023-11-29,0.0021645431476942766,0.002914177440177498,-0.005754857570451309,-0.007615483167592605,0.0006931955586475462
2023-11-30,-0.00631786464768388,-0.002568500019692895,-0.006912558705023781,-0.0009178838243739426,6.766961782201903e-05
2023-12-01,0.008824333347962239,0.00017822703869508578,-0.0060365437720219595,-0.0045002313863858785,-0.003285881290797734
2023-12-04,-0.007625207384327007,0.011011351793059319,0.0013685066040459337,-8.114744769213064e-05,0.004652782644837636
2023-12-05,-0.0008473644146689902,0.008937715850503557,0.0023349000929197353,0.0077246288081048355,0.005721589930913656
2023-12-06,0.005349872789804572,0.0024816183483701605,-0.006024762808128534,-0.0024438099305207402,-0.004747976082368058
2023-12-07,0.008957551941701215,0.0004900173908410014,0.003880153256304462,4.3059712130550705e-05,-0.0027720857726591386
2023-12-08,-0.011702964070557762,0.0009001566335913065,-0.001632244206733758,0.0006481364088503713,-0.0005394310271310185
2023-12-11,-0.0030450123584094837,0.0033675898636520833,0.0008871720479421974,0.005390585293231708,-0.0025936133847305745
2023-12-12,-0.004449453111609562,-0.004813962825992028,0.0067488825130216975,-0.013181336003907631,0.0018178966603675957
2023-12-13,-0.006233292325737119,-0.0009868826871167258,0.0038873572634621277,-0.0033402017685917784,-0.0018848166072198392
2023-12-14,0.01795454240281097,-0.00804292036938795,-0.0007741225916233292,0.0015677021536768356,0.006795168203419808
2023-12-15,0.0043498171096095556,0.002296115613026396,-0.0032647689016611497,0.007500473738561168,0.003871645783030788
2023-12-18,-0.012308839543350452,0.003535979698513705,-0.00830726160531722,-0.002651414685037231,0.0009377220918966447
2023-12-19,0.009478619470547761,-0.0021159323114968696,-0.0025766132769696804,-0.010959316236251244,0.0033809587899591965
2023-12-20,0.02152156197012633,0.008169933816450163,-0.0005445209553107776,0.004018268675796818,0.0036177012730719267
2023-12-21,0.01062465260551147,-0.005828828315011705,-0.003648718108604735,-0.003512174332953776,-0.0013918424641747298
2023-12-22,-0.014893699659540134,-0.0070218744010491,-0.0002250278683692189,-0.0068379999545421675,-0.0021486517336258945
2023-12-25,-0.004542340728662514,0.00142225909279986,0.0006074075318350729,-0.0034460723382793443,0.0005344291889089423
2023-12-26,0.012969111491866227,0.005535491513060773,-0.0005994239272323142,-0.0008071521459350973,0.002884908373493832
2023-12-27,-0.006776694656187808,0.008719638457289344,-0.002300010323293839,-0.0033284679872292765,0.0007171811959602529
2023-12-28,0.004738194281462284,-0.0019944213143447,0.0009746186878669107,-0.012933396342594416,-0.004430989446572992
2023-12-29,0.008046340534293367,0.005693404167156478,0.002067762598277636,0.005682397181322793,-0.002108473331852527
2024-01-01,-0.00896930471578083,0.00010745765249646392,-0.0040615963097713845,0.007949250247672334,7.808140921686586e-05
2024-01-02,-0.00029525356061800085,-0.0005631364997040982,0.005943729518985081,0.004209131948037035,7.300318702250918e-05
2024-01-03,-0.032112673400690725,0.0047182996874333616,-9.435252913704697e-05,-0.0065261140225489,0.006217626530369424
2024-01-04,-0.009943876413342899,0.0035616143920670982,0.00037539849177939063,-0.000908949203685108,-0.0038579638271969943
2024-01-05,-0.002225681513931603,-0.007581960784921247,0.0031328576930262295,0.0002608721086232516,0.0018167677255076238
2024-01-08,-0.012177831819648495,0.007682701748629479,0.001232864525054007,0.0038927663373714613,0.004767339324984869
2024-01-09,0.01662411303931635,0.007200456770737258,0.00411254653565298,0.004310042932308485,0.007114349236268388
2024-01-10,-0.014001413779606326,-0.0028278135075476473,0.0014484966608072968,-0.004105042792670975,-0.0009131922695518838
2024-01-11,-0.004100444866969838,0.002279017667187045,-0.0021497494985617516,0.0007919733384813625,0.0017742883581605988
2024-01-12,0.0016074057728609134,0.0027701509314136943,0.0017460141008244065,0.0030436824276914467,0.0020092810715959405
2024-01-15,0.014712732890661155,0.0016033688291195356,-0.004274904829282647,0.0090349339328806,0.0008864451946598725
2024-01-16,-0.014058621511794394,-0.002451525769227101,0.0007342388231060925,0.004527039238948338,3.464396282081803e-06
2024-01-17,0.011931637521549595,-0.003058116839690258,0.00016708003742215677,0.005034340124253113,0.0016079261685001376
2024-01-18,0.00040233061019587045,0.00017222964504277357,-0.0005324674290901588,0.0008029597675761657,-0.007296738255659056
2024-01-19,-0.00951508651047951,0.0061636450962968235,-0.00021415004575572302,0.008762754871221023,0.002346208470187894
2024-01-22,0.004921034742632707,0.003018000772972162,-0.007227396181990557,0.0027585767757569843,0.0006785337109859015
2024-01-23,0.0022905969557347004,-0.0015530716604305298,-0.001894899630963846,-0.004866527461041423,-0.00036742469033479615
2024-01-24,-0.005702168771587947,0.004158493553241723,0.0006713796045644589,0.008720219820751144,0.006440586587158674
2024-01-25,0.0009980208499001885,-0.013942713103150378,0.0009394255679896014,0.004487419635234166,-0.0017248020563716568
2024-01-26,-0.003553135968617599,0.006043828501860518,-0.0038107005637038325,-0.002358264126770894,-0.0009092279671950924
2024-01-29,0.0014351734525124798,-0.008398568893890498,0.005362831363458802,-0.0025769578043954603,0.006274659906614202
2024-01-30,0.006921306745210464,-0.001512204707015661,-0.0031646993928580026,0.0020794532708445696,-0.00219618391454957
2024-01-31,0.01616016816145352,-0.0052983494731307194,0.0041778288021069475,0.0030791087716055066,-0.0013503458488096168
2024-02-01,-0.01207815498826849,-0.006173407378604528,0.0020087774474867393,0.00148375359378724,-0.00014107627029255
2024-02-02,0.021630333746562667,0.006104133936892596,-0.002284909239375212,0.002167852040657311,0.002822203446388648
2024-02-05,-0.019220877995225018,-0.002038506006559457,0.007401243570438047,0.010499744247458283,0.0009234075220599402
2024-02-06,-0.0012178509503558324,0.002032519408653579,-0.00447454732702592,0.0067292589134093144,-0.003577876041456788
2024-02-07,0.006183172064845762,6.539710560407962e-05,0.003976616694440006,0.0014438135475901464,-0.0012965056893815686
2024-02-08,0.003109918677350327,0.0026852041361156076,0.004302329272171913,0.005947863484604901,-0.0015220632996366342
2024-02-09,-0.0059269951982059395,0.0006841094553012767,-0.0023824808363065797,-0.0058951434211652375,6.833686433086326e-05
2024-02-12,-0.0017812225035727534,-0.006114961120942848,0.005869861200257316,0.0026875622996808536,0.0015775309758894872
2024-02-13,-0.004630009346588331,0.0052813340972357,-0.0007001860583958112,0.01115583809839866,0.0015546172676639163
2024-02-14,-0.005593647569442118,-0.0021687829158065627,0.001454774517119428,-0.001008275372354243,-0.005028035262145207
2024-02-15,0.00879602097021025,-0.007482909493298755,0.001341287355084883,-0.004785803571714509,0.003491822962682568
2024-02-16,0.0038701548596504734,-0.0018405758048295627,-0.00023723496588219124,-0.0036125333315583643,0.0010577065379898704
2024-02-19,-0.006629095952606542,0.0078037989531715545,0.0035432330926391284,-0.006237798224054331,0.0044535961427817185
2024-02-20,0.009295998754332508,0.004551108710567464,0.003473954882208852,-0.00440857144876622,0.0016325949818720156
2024-02-21,0.0033729952087660935,-0.001443260672039296,-0.006694127892952723,-0.001923048591540174,0.0036039688732072864
2024-02-22,0.008428621188389602,-0.001446288521592144,0.005517360971512611,-0.008133402115071853,0.0016996359343503808
2024-02-23,0.006596288419236123,-0.0013081752560869131,-0.006349967952142698,0.00039371000369761824,0.004338677268608245
2024-02-26,-0.007989950109220725,0.010683739917804205,0.0044301848173666294,0.005713663042719883,0.0018667519080533357
2024-02-27,-0.005301810401969697,0.0022096772611577666,0.004806820547310333,-0.0051465370808815225,6.2542606712877936e-06
2024-02-28,0.007772936051232618,0.0024502082359553483,-0.004063865720860793,0.009415703541850612,0.007117304161340645
2024-02-29,0.006403702654334649,0.005451417270159211,-0.0013432571518183392,0.0033647525311655685,0.0029671113668396764
2024-03-01,9.098406035851865e-05,0.0014939457951325676,-0.004122818673943743,0.006483483513744344,0.0020212332630132395
2024-03-04,0.0014732738330878199,-0.0009952107291035157,-0.0005596841211549414,-0.0036470073231128224,-0.0035289132496150078
2024-03-05,0.013076648957884249,-0.0006817492454248914,-0.000932137136742965,0.005427151362399694,-0.0035649228523906133
2024-03-06,-0.0056157138883583,-5.800629707031979e-05,0.0034186421290773594,-0.0062516034023718785,0.00117814644642556
2024-03-07,0.0057709738117003775,0.00011388881745079201,0.005541234984478435,0.005641485005019053,0.0007365635933047224
2024-03-08,-0.0017219265243389398,0.003938147718184899,0.005882735243159826,0.001331036038761188,-0.0015423676950249486
2024-03-11,-0.0018768120322722038,0.0005597294290364971,-0.0019486721063132085,0.003619507319908704,0.0007229480988361799
2024-03-12,0.011287768519871904,0.003963200386077896,-0.0005368874949781111,-0.00675356763374911,0.005065880784130787
2024-03-13,0.008554163489880298,-0.00010358290054291163,-0.0064337527688838,-0.0050704190536596284,0.002386207423650896
2024-03-14,0.008435096360006385,0.000693175951580453,-0.0029234802659847546,0.003883369309520309,-0.0031230255292582147
2024-03-15,0.013354788071543292,-0.009691003422660539,0.00415940653238983,-0.005390088025345205,-3.452648142883114e-05
2024-03-18,0.0005100384163275904,0.004881638373512407,0.006762331294192927,0.0030792377525947386,-0.0021148994425576827
2024-03-19,0.007119529712949639,0.0020324423794899635,-0.004637395487519689,-0.007902826838761475,-0.0008630997492256835
2024-03-20,-0.0028026675659345605,0.0052900505492982615,-0.002069857036611577,0.005389045276000009,-0.0009408469968889282
2024-03-21,0.003541663524884421,-0.014181276890968446,0.000194376972164292,-0.007095139888611055,-0.0011329367478120156
2024-03-22,-0.001001430543676846,0.010741873523903638,0.0014206446352784253,0.0036137996260771407,-0.0034654061159201848
2024-03-25,0.001269959649927182,-0.00039794814077586885,-0.0029384140796865845,0.004053785601876006,-8.296404455457014e-05
2024-03-26,0.0062515702543691366,0.005840914083687583,0.001996244177856359,-0.0038806309105774497,-0.001381822910541929
2024-03-27,-0.007882206832334725,-0.004899529635627654,-0.0015953573882836645,0.0037921594025083615,-0.008488346070006805
2024-03-28,0.0212238727568546,0.0033638695253128486,0.00024219091648688355,0.0018626535800013357,0.006458916073504989
2024-03-29,-0.00976017381499702,-0.004967077815868281,0.002485136992014798,-0.0029330511371564298,0.0035663089626500164
2024-04-01,-0.011841886127877323,-0.0028188448034790255,0.00032568907924375126,-0.005751328104457248,-0.0008289021747749882
2024-04-02,0.011881108735000678,0.009870156769333931,-0.0014455435621062746,-0.011475754150035475,0.00035645714922179526
2024-04-03,0.008216626939629358,-0.000653412003816733,-0.00013843921570332336,0.002397900283798162,-0.0032149630419526856
2024-04-04,0.0065411981705215515,0.0013871643658986143,-5.3451836821341605e-05,-0.009088816628172331,0.005387168633432596
2024-04-05,0.006583455092642799,0.004650338653443769,-0.0011800441195285122,0.0008720651966478493,0.005991866084319335
2024-04-08,0.00017753227153085373,0.0027784094398630227,-0.0007351842506684095,-0.0012806892964934947,0.0007700811847395738
2024-04-09,-0.008672543714858316,0.0010520945257178815,0.006694588682018868,0.004374856652629173,0.003370591932556034
2024-04-10,0.0010580455819372634,0.0021248050123311253,0.002543677791764955,-0.0015122729969391853,0.0008258603368017716
2024-04-11,-0.006471617115121117,0.012317077926191375,-0.0008819212721166415,-0.0016766867180825476,-0.003710176316627792
2024-04-12,0.010051197334177512,1.1906014832073013e-05,0.0030878176180429424,0.0046912242257297725,-0.0009354701068909719
2024-04-15,-0.0011705738150213866,0.0013054952335748375,-0.00103527795902404,0.0023103481745047052,0.0006957839003158712
2024-04-16,-0.007954971967925115,0.0055532719800380605,0.004992498550346565,0.00219693574309667,-0.0010636431562303327
2024-04-17,-0.0029138584165299343,0.005827629664789919,0.0017785687687923756,0.0031156055388511573,-0.000355959832305108
2024-04-18,0.004429314542756245,0.006235151527801901,-0.00012920857601691536,-0.008913432739242635,2.5801327472654532e-05
2024-04-19,-0.005337245528039749,0.003493651110145923,0.002090867703241109,0.0048407320799218915,5.736450640361417e-05
2024-04-22,-0.007922203955664314,-0.005415024563652418,-0.005983504608273997,0.003974812764081614,0.0004567754714924496
2024-04-23,0.0027368721149191233,0.00846715766150548,-0.004207069875639222,-0.0058000987714589836,-0.002881815199189803
2024-04-24,0.002749665711087228,-0.0054317269650934405,-0.004475700025596222,-0.0011644828420452078,-0.0018510484473838087
2024-04-25,-0.0047694317537112976,0.0018131773261951662,0.0008717723790548271,6.415627423421285e-05,-0.003553752797099908
2024-04-26,-0.004410383056183228,-0.0034713792500967898,0.007230059997940368,-0.0005069807064103963,0.003233446649058601
2024-04-29,0.002620499373576363,-2.0691732964963164e-05,0.00922520058477053,0.002303159799411208,-0.006016940825520974
2024-04-30,-0.014180843414973242,0.0019438120515174037,0.0028522044057630288,0.008888200690987101,0.0037607710299507775
2024-05-01,-0.013774637743765552,0.0019067860772513654,0.002303377899777828,0.006790600366036972,0.004459048191788531
2024-05-02,-0.00688444221252436,0.0024096037711764237,-0.006904230936610956,-0.007573315160588438,-0.0006065417609478642
2024-05-03,-0.0018344715171184727,0.008368556345293236,-0.0018706951989360871,0.004032419941836292,-0.007509411263481896
2024-05-06,0.003409075655980046,0.002567671507569899,-0.0028511350076329558,0.008273599917212458,-0.0007839316859018715
2024-05-07,0.01505356216949552,-0.0009207831764532438,-0.002183390393004464,0.002620851124135216,0.00010744751613354213
2024-05-08,0.008876596232020193,0.005120435841441788,-0.00037257527433915826,0.006845882551115802,-0.002731794659786741
2024-05-09,-0.001299385299634271,0.006247352444623203,-0.001588362310788509,0.01237362267420459,-0.0012456551814247286
2024-05-10,0.00010983792097311167,-0.005838039075684962,-0.0076171992415031515,0.006442257276641888,0.004890585596590054
2024-05-13,-0.00972529364637809,0.0032870003492492905,0.0032916410244701352,0.0017958515738503733,0.002294781486905223
2024-05-14,0.00011486864007610094,0.0038058637115544916,-0.003990972102959226,0.006570530844508521,-0.002473692343134299
2024-05-15,-0.0025865863892013787,-0.00118781751679996,0.001256987456444598,0.001169326998581347,-0.004492797508786296
2024-05-16,0.003527185603380895,0.007178534066558099,0.008596330678999894,0.0004434182597097328,-0.0006810519528293125
2024-05-17,-0.00797230943552323,-0.00045027793516263587,-0.0033775383663456936,-0.0018084854142823956,-0.0003403703380513142
2024-05-20,0.005493465142411723,0.0009278822673577131,-0.009821150090985319,0.00968048015299265,0.0017885975620899489
2024-05-21,0.015627389130025777,-0.0005653591214193481,-0.0008440168875204434,-0.004610571995652009,-0.001305950137702977
2024-05-22,-0.000787601484568576,0.00037789523790733766,0.004703838539994285,0.009494206348068697,0.001834498726085584
2024-05-23,0.004317117220989415,-0.005181375434476009,0.008133389816882376,0.0032991847424422276,0.006105462120180687
2024-05-24,0.007201439917111125,-0.006900254412971472,-0.004618198377809668,-0.008095837048811647,0.0027465030673327877
2024-05-27,-0.003712204718858363,0.008272525316124862,0.0022867968929460867,0.0025058957579485296,0.00015573447800768222
2024-05-28,0.0025409248181041677,-0.0039348067415916396,-0.0015612418271202134,-0.012300159045909745,-0.0002494514131598841
2024-05-29,0.0004259240078179486,-0.0046569617472815355,-0.00012379341721654267,0.004053048100986214,-0.0007700194025396138
2024-05-30,0.001276760985488317,-0.010466950568018574,0.01087737338806814,0.005611388897933946,0.0038419227373564335
2024-05-31,-0.007430097838554665,-0.0028948087384475115,-0.005711881313580613,-0.0032541357339123216,-0.001581940337853908
2024-06-03,0.0005451017425894269,-0.006315448967037493,0.0013149586459782938,0.001041286175733494,0.00043566812699994767
2024-06-04,0.005279982912454495,0.008510075800681846,0.0021707726870617327,0.012024944602501718,0.000453593705643256
2024-06-05,0.014811436077950418,0.005349085446713171,0.004643145299757389,-0.00273448022557162,-0.0012053525784345963
2024-06-06,0.00989270826085207,-0.003140751725888619,0.0006919326138835817,-0.006053445522339603,-0.003817396643652303
2024-06-07,0.021831824575115562,0.011562179026721544,0.0015322021580164086,0.009189980414775593,0.0012689235108530057
2024-06-10,-0.007373475628880495,0.005208827434957972,-0.0012665942696871635,0.012075523143184769,0.0001169880844338491
2024-06-11,0.009023206367206781,-0.0013241569175431124,0.0013765077649804294,0.0003221740310870839,0.0018007214083097095
2024-06-12,0.0021334200573835172,-0.012197028574367864,-0.001072769101989642,0.006368778212450138,-0.0013008009193175008
2024-06-13,0.022198029332176725,0.011754712862953707,0.0027862875594242033,0.008348855493185287,0.003962463896439144
2024-06-14,-0.007782982853551515,-0.00664786233381798,-0.001178441344174536,-0.004154905395230305,-0.0023303213436355343
2024-06-17,-0.00809721842180776,-0.00792699373478446,0.0018084015756087458,-0.00261183501220721,0.005436120852053678
2024-06-18,-0.005693926454440222,0.005412852160048201,0.00018294874526008655,0.00768524707892841,-0.004942909529484785
2024-06-19,-0.02093895724309807,0.012498762031696364,0.004804201003088673,0.010410085672251056,0.0016043101936706735
2024-06-20,-0.004957550216807611,0.0072213640925525915,9.4425105646055e-05,0.003677285161046129,0.0017262920475798703
2024-06-21,-0.00729132661553698,0.003119545600261798,-0.006792129872827526,-0.004978886121012326,-0.002086671203822647
2024-06-24,0.0018039378647620762,0.00327377170832643,0.005347686002855967,0.012222366670196648,0.0015731818135830378
2024-06-25,0.0037175597577715942,0.004567077793901538,-0.0033229292034504757,-0.002885825386871787,0.004138556009280476
2024-06-26,0.01906170839215886,0.0040946429489338255,-0.0023150653545952796,-0.0017108266870287108,-0.006350456518062194
2024-06-27,0.009804238381860503,0.001705957119846879,-0.0020826451761739684,0.002354027006937729,0.0018082344224724439
2024-06-28,-0.005469036556624031,0.0008210055197593804,0.005797752372683269,0.009624962524288645,-0.007179812460990233
2024-07-01,-0.00868414671348358,-1.2965639497612099e-05,-0.008242696855914784,0.005423855859313342,-0.0025969944105696243
2024-07-02,0.005219191715065057,-0.0034698229443333815,0.012850994134639979,0.0027891930021714632,0.005187499094702836
2024-07-03,-0.012902332070206421,-0.0011033753843338705,0.0045242272362642074,0.003079731180708638,-0.0014453461001761622
2024-07-04,0.018614587658543538,-0.008164784070976927,0.0011929556565166387,0.0005610880118607965,-0.003221639893226918
2024-07-05,0.01209440120721287,-0.0001916981339737495,8.042399753485441e-05,0.003648837087111038,-0.00029381318695404564
2024-07-08,-0.0043917565210470485,-0.004642955535754588,0.0014422162994306277,-0.014877360466165819,0.006503719014490656
2024-07-09,-0.01683134529090878,-0.005217946586078856,0.002384489713517354,-0.0014796447544187903,-0.005195046741618079
2024-07-10,0.013838723741654133,0.0011994707557673923,0.002880862343800229,0.001747931609500686,-0.002853929734918034
2024-07-11,-0.0008453984525261789,0.007260011431722997,0.002522417864013794,-0.006606084501717043,0.004792295049538879
2024-07-12,0.012678163119734617,0.004891583030011566,0.0006583227250209952,0.00261793990686936,0.0058731070306131975
2024-07-15,-0.01564427658794367,-0.007552503018115888,-0.0004893536812293044,-0.0009268273259167292,-1.0293672870851805e-05
2024-07-16,-0.005693750229537729,-0.004648140682851688,-0.00030509313461404684,0.010832854189892941,-0.0034171581075799276
2024-07-17,0.00035243699718183165,0.00500385593994108,-0.0004796331214107241,0.00973811835128914,0.006587530505427477
2024-07-18,0.0007698059376474206,-0.0046124369676915486,0.004835080387468258,-0.0024948334147089773,0.00508332717524759
2024-07-19,-0.004200654714792437,-0.0008231657499851231,0.0026742268891234476,-0.0006050262694001719,0.002336840963286699
2024-07-22,0.006528499323474987,0.0030502604951227596,-0.011461554538657121,-0.0001436853936503556,-0.00213720704681226
2024-07-23,-0.010376204293825944,-0.0045417222743181765,0.002923603106119044,-0.0024099568569577365,0.00015291197748589034
2024-07-24,-0.001123794850212935,0.0008268775307297995,0.0010789447788750995,0.0014701499041687605,-0.00018108024313449043
2024-07-25,0.0015029563171189886,-0.0063701274745910225,0.00022516497421641032,-0.0042496924133255416,0.0012925539138467332
2024-07-26,0.00544438834058749,-0.002706838219756069,-0.0012540738123555434,-0.006483692009625158,0.004653004314394008
2024-07-29,0.007416148780888896,0.001898909670712685,0.004796450879944054,0.0040362673434016115,0.0029382511234122095
2024-07-30,-0.010946420918378691,-0.0076649686676583464,0.004090105848491432,0.004077177505330865,-0.002932128230954275
2024-07-31,-0.015041141707356223,0.002502373689801995,-0.0027915106712944364,-0.004525894557959954,0.004429489350058613
2024-08-01,0.013076768218985091,0.00020181100536659384,0.0019282091484981404,0.005672132584575598,0.001239396420039466
2024-08-02,0.0036231401197959166,0.00306244977208574,-0.0035866269381651435,-0.0034894663749919885,0.0023611973875767487
2024-08-05,-0.0071848653655655365,0.001419570670323307,-0.005218472659155721,0.0018189914282278872,0.004699622577835808
2024-08-06,0.01581151975522523,0.007120702149869221,-0.0022068688983598607,0.005222064075674737,-0.0030347407485406537
2024-08-07,0.0014567463429285867,0.0009261225132395363,0.003749573889531035,9.832461177772179e-05,0.00019252326388061118
2024-08-08,0.012092971840638265,-0.0018470277056262649,0.004112500181504347,0.003028445472846808,-0.001294363654077645
2024-08-09,0.0009751848141010895,0.0009114875151614192,0.002352341680389172,-0.0027985778633254307,-0.004403578276096368
2024-08-12,0.02090747924881987,0.0030164901451819413,0.0032003831473919886,-0.0008787995005685831,0.0013401299328147597
2024-08-13,0.017853408424432046,0.0005443003516285216,0.0023647131484598335,-0.0009351565852820423,0.007834669654753271
2024-08-14,-0.002189641484790735,0.0005029584560194119,-0.002265926380891809,-0.004179470079241434,-0.005220233233517259
2024-08-15,0.010015709509543554,-0.003209958439033778,0.0020276901786957626,-0.0007606449786946926,0.000203158166851589
2024-08-16,0.006753759495851475,-0.003014504587754742,0.00350163810091073,-0.00899170979318248,0.00222162880522432
2024-08-19,0.013986315575323488,-0.006713026358998468,0.003317165319254298,-0.0026469224828526284,0.0006692346049685435
2024-08-20,-0.009349234605801044,0.009047883715934697,0.005055653485898572,-0.001409252960218025,-3.9384157547221235e-05
2024-08-21,0.0071605145999843935,-0.005919316176956425,0.0031332153888042552,-0.0012370785149722824,-0.003597649090337473
2024-08-22,0.010884244868495879,-0.0031645259889795368,0.0017057928301663315,-0.0011489846752246744,0.000998360228820491
2024-08-23,-0.017287394864231143,-0.0032920363278459873,0.00458060095326571,-7.058519916077358e-05,-0.001970291931047779
2024-08-26,-0.011532585126657752,0.004774621884722207,0.0001939149630037597,0.0031766491085163835,-0.00626976511493566
2024-08-27,-0.020092321777601008,-0.001174748391460139,-0.0032274986049108728,0.0055471024447951356,0.0038837766615411923
2024-08-28,-0.0023940683444455767,0.006538710363368669,-0.00035226785577505555,-0.0035985913610896026,0.0031751574595261273
2024-08-29,0.007475422557959621,-0.0030674531212193427,-0.0026796105792257965,-0.0069192051323348665,0.0004549829305532394
2024-08-30,0.015323570520960282,0.00169497081111901,-0.002400713099897526,-0.005952266473458618,0.0009872240646171078
2024-09-02,0.0010409478041977518,-0.003876735266298787,-0.00027807468286207137,-0.002623217527169563,0.0035229540381466855
2024-09-03,0.016586155455712917,0.011025745638866942,-0.002869679683999845,-0.0018115279068990546,0.0009730189703342478
2024-09-04,-0.013501014582148915,-0.005637992095147564,-0.0009318461185561612,-0.004319976397184744,0.0030120526642839433
2024-09-05,-0.016733824393551547,0.0018491035511351375,-0.007274458667815143,-0.007476699985499367,-0.0005924466026215505
2024-09-06,-0.00025547698896618784,0.0034688844046604924,0.0011531748294917542,-0.002436724964845129,0.00423595121572184
2024-09-09,0.004140654489393073,0.0023689954872574913,0.0003048219014488969,0.0013885597206838283,0.0012623571777980516
2024-09-10,-2.694748094093114e-05,-0.0006264382943885415,-0.0029683545242727627,0.0038701767950133884,0.0008821558308176221
2024-09-11,-0.020374421000398768,-0.0003491034986671309,0.00293698267372962,-0.003044538318649927,-0.0035101832661360963
2024-09-12,-0.0005912003951278841,0.000519057359895548,0.004050280550506233,-0.0021779869328606045,0.0011608675629051263
2024-09-13,-0.012744695005048533,-0.0004350100081424431,-0.006130239457475897,-0.005260189853083865,-0.0021958647524833535
2024-09-16,0.006996725488300385,0.005119395583974548,-0.002750899114264857,0.00011136497775134145,-0.0016148481795854824
2024-09-17,0.003965982460968483,0.011352615007956757,-0.0027765693991491924,-0.004790571805144888,-0.002146126884948364
2024-09-18,-0.009098797863273552,-0.0024874589250391686,-0.003459612404435458,0.0037387668794472005,-0.002898704795697676
2024-09-19,-0.004838669173366936,-0.0065490148978953906,0.0036178993677269938,-0.010415198951604667,0.006674314209050885
2024-09-20,-0.010292135218889517,-0.00014141024175627406,-0.00047530455509121417,-0.0018577780347147732,0.004294017185965209
2024-09-23,-0.00032679097273171883,0.013198546688271591,-0.0007580593652424431,0.002106644035150451,0.006061102506432783
2024-09-24,0.009851423205012384,-0.0037183728398486543,-0.0077154494576270145,0.0014030070979350261,-0.003368685058666692
2024-09-25,-0.009557260463355437,0.008495584027220338,0.0028416721208369055,0.01645820198388298,0.0005137612497326774
2024-09-26,0.005340465155178444,0.008688504070382203,-0.004657033579413891,0.0023988001474074443,-0.0035805228756122876
2024-09-27,-0.005002576183724408,-0.002467941208539973,0.0005397305210653133,-0.005724327581052059,-0.001787084631591192
2024-09-30,-0.007628728322623442,0.0031449153959263766,0.0014095077518327683,-0.0002727854825344383,-0.0024543809502497248
2024-10-01,-0.0007703035995455783,0.00844198311564269,0.005742634383354604,-0.010357478000798712,0.004018752019324685
2024-10-02,-0.010052423224193741,-0.0015956387049374354,-0.004935281596476449,-0.0001835984957805653,-0.0008886890343052797
2024-10-03,-0.005236493053471821,-0.0007179018005118089,-0.011778048623283301,-0.004698336342004552,0.003505138001082049
2024-10-04,-0.011678778925888485,-0.0026084045697432187,0.0010353981790147794,0.005792341653360971,0.002112362668765554
2024-10-07,0.019947251329163893,-0.004773783653464334,0.007502044726043415,-0.0029972416475732093,0.007210916256314367
2024-10-08,0.0006526355197172861,-0.0029463877253300356,0.005255785411757749,-0.0004005954947714798,-0.004138332669419172
2024-10-09,-0.006697255079925854,-0.0058197013338112825,0.001138637661098503,-0.0035133470484264204,0.0040776997193603965
2024-10-10,0.0024397991073422196,0.0004704173412961303,-0.0016665447425281896,0.010733108111119988,0.003739322611202183
2024-10-11,-0.0008232804969082963,-0.0035498661552932076,0.0035284903865492414,-0.0016274565967074703,-0.002620136514081104
2024-10-14,-0.001909695995332226,0.0014689295589537384,-0.0035941847988178745,0.01129534226087521,0.003321400009419479
2024-10-15,0.006441667000434252,-0.007479478231018136,0.0022054310774248763,0.005184910572709599,0.0013084348890786864
2024-10-16,0.007875077100473051,0.0019544011610722854,0.002321880636666507,0.003192400364012317,-0.0003824287798602234
2024-10-17,-0.005005011476105275,0.004467644808044623,0.004540839629995519,0.0025123988839051183,-0.0021718064609159995
2024-10-18,-0.0054581824064468005,-0.009668678212857277,0.01133864015564431,0.002662783789297509,-0.0018573283543475586
2024-10-21,-0.00245051697151644,0.0021702828492378605,0.0018696638687150681,-0.01126603547607366,0.006449436287357778
2024-10-22,-0.02271921164735585,0.006438344962366461,-0.001735854502829995,-0.0013733003649045391,0.0003020484568724479
2024-10-23,-0.014851910621985522,-0.005748205093456027,0.00019770275123202224,0.00537094782710593,0.0026463900045943776
2024-10-24,0.013968742674445245,0.008662861934188517,-0.006776303619556473,6.616899155366707e-06,-0.0020726981450026596
2024-10-25,0.01674967713501284,0.002395095046830226,-0.002478852524356233,-0.008131139080821451,-0.0020395588386649165
2024-10-28,-0.0021903603955637833,-0.0032250592787920443,-0.001337129752452416,-1.4426703464816748e-05,0.003545954427749827
2024-10-29,0.006065569630557664,2.1154611711469928e-05,-0.00179635359173837,0.010524633097532947,-0.0037487286346545965
2024-10-30,0.003412501545435361,0.003091634562608612,0.0009094194881348879,0.007781350293208316,-0.0009456413037158146
2024-10-31,0.031088808084552378,0.0006800269570620575,-0.0029896797295288022,-7.202405619619051e-05,0.0004020822332166961
2024-11-01,0.011495749114345769,0.002993779962231846,0.004784122669297885,0.0060086956623485194,0.0006341178055201572
2024-11-04,-0.0009791759148076655,-0.004303367965396832,0.0003008282596727894,-0.001899042122208311,-0.00023727985504846925
2024-11-05,-0.009255404406004258,0.00114680412018039,0.0002627987154454946,-0.009923229520960314,0.0014874593432877702
2024-11-06,-0.015764463202575726,-0.006768572484524901,-0.0010115788660516715,-0.005246795928777326,0.0023785672674534347
2024-11-07,0.002334636358672231,-0.0002561303067435016,0.0009207627354359165,0.009677332611049187,0.0025039126363779903
2024-11-08,-0.007263507452843034,-0.004219538207323949,0.0036003930586705384,-0.0013439584909758252,-0.00265741142600348
2024-11-11,-0.013922537095976743,-0.0033776497129488327,-0.003168520862843601,-0.0011603038762501084,-0.0005524652937863915
2024-11-12,-0.006165728842425267,0.006480465876052187,-0.002332465956301027,-0.0014990291776492836,0.003884288585630813
2024-11-13,-0.010515480036143951,0.005756550602971345,-0.0009149041151066587,0.011724819537438041,0.002983941562721617
2024-11-14,0.01717141635072565,0.003345690604535885,-0.00508348369389286,0.01005575349217238,-0.003818578354443192
2024-11-15,0.009116397569494505,-0.005161563823362895,-0.002977031438885991,0.013612681400688803,0.001354439701056605
2024-11-18,0.0002202735868338262,-0.0012820422484740098,-0.0016048834941786356,-0.0006542712624003078,-0.005634675748124431
2024-11-19,0.015099441388900263,0.006365488499895917,0.003797556722850909,0.0020737469324825703,0.00044080470618110886
2024-11-20,0.001073683076476183,0.0010085845681995238,0.0013502453160077013,-0.008799855296524746,0.005993301050237931
2024-11-21,-0.008312842013282636,0.011896647699908471,0.0010743596454701784,0.009161606556709646,-0.002543678151806959
2024-11-22,0.015531240772696573,0.0022665891969718592,0.003703591848671889,-0.00670667730760761,-0.0022029691364747464
2024-11-25,0.005689100436846587,0.0012602455824501579,-0.00024948715359758664,0.0016006533825757747,0.0025920893447185784
2024-11-26,-0.010072461543264565,-0.001245582321012507,0.0018618593997155584,-0.006283815165797064,-0.004328404545628938
2024-11-27,-0.001603386780836082,0.0009677045239114096,-0.00011288701172998496,-0.0032332009604321764,-0.0015982650896551173
2024-11-28,-0.008456182533847575,-0.00046234918190271747,0.0013614493975985138,-0.004723574586298202,0.002089323412745258
2024-11-29,-0.013527997309643363,0.0038405433834429524,-0.0020310346304463285,-0.0033472515640549073,-0.0016028575430682094
2024-12-02,0.009561775475316414,0.00508351158397292,-0.009455268633105716,-0.0029347362188938716,-0.0004079099616329149
2024-12-03,0.019394166404701305,-0.0036299473025397477,-0.00023711664874521662,-0.0029896127695504624,0.0025325571309451037
2024-12-04,-0.013685675738191412,-0.006356164767788891,0.00599099254439976,0.005300003470681843,0.0015646382506096838
2024-12-05,0.005929692366905708,-0.008881026865516483,0.004004861608966369,-0.006329176758375121,0.0011004551888862057
2024-12-06,-0.006206425691218272,0.0028399566345627186,0.004161589938364683,0.0016232485620832013,-0.000717366837810117
2024-12-09,-0.004571253837646962,-0.005216833030869368,0.005244522887224871,0.0076077549138333506,0.0014101833458068668
2024-12-10,-0.005623939242388692,-0.010464452964762415,0.0006546303638457505,-0.002779178187080376,-7.119804029927014e-05
2024-12-11,-0.00833990769679816,0.0022428930226548204,0.0010892628296223842,-0.004007513344485611,0.0016734168297773552
2024-12-12,0.0007852162794482699,0.012764997587163953,-0.0021706075817374006,-0.001083147751081505,-0.0011907960753539347
2024-12-13,-0.008009501164110379,0.0002696454423005334,-0.0009642914241081991,0.007378351250164261,-0.00024770692313862337
2024-12-16,0.003004568257798388,0.00449245387225821,0.002763084599084566,0.0014646457857201462,-0.0026698733776560415
2024-12-17,-0.00020238109449136958,0.000709146792737825,0.005115537748675265,-0.0028872857676455906,0.00019497716998129227
2024-12-18,-0.0020894804686640974,-0.00019444826595571335,-0.0002577851027239982,0.003203259907128238,-0.0021330025908865343
2024-12-19,-0.008775636620415979,0.004895382414938843,-0.0015007570594056463,-0.00631375289901854,-0.0030421393504859793
2024-12-20,-0.0054677133056833275,-0.0011513727209432568,0.00030211183542638913,0.004388157062657688,0.0010759834435661645
2024-12-23,0.00785391225825756,0.0016369615703595148,0.0027048269957164603,0.002751643846210605,0.000938219327572981
2024-12-24,0.005309171876243807,0.001908489030980068,-0.005475419264534168,-0.001546850826833304,0.0026486212048457175
2024-12-25,-0.009475552447985511,-0.0030404522682152438,-0.008884723812548952,-0.004731514790683387,-0.0009933767087252972
2024-12-26,0.0012933230542922587,0.0052602117476826145,-0.0019021473979663342,-0.005020085533700745,0.0015241585405102675
2024-12-27,0.00781387123371789,-0.0005747987834770433,-0.004582849703656635,0.0035089040180754615,0.00195239271682099
2024-12-30,-0.016394052811213717,-0.0034787257974642238,-0.0017325607905892436,0.007673883014934372,0.0016343214234947844
2024-12-31,0.005733601923799351,0.002982549217852018,-0.00029112127526988613,-0.00352384648217277,-0.0021769610484064263
2025-01-01,-0.006326237589458467,-0.004192339908955186,-0.0015129936360920536,0.0030503202213089066,0.0007480904468135667
2025-01-02,0.006005986685931593,0.0004409057868456412,0.006109870137882982,-0.012222162111612412,0.001392420888163984
2025-01-03,-0.007332591565425169,0.00025440501677898226,0.0016069790584092801,-0.0032077063839431974,0.0003215354007238258
2025-01-06,-0.01774882100664519,0.005729477829157891,0.0015018974384433134,0.00011364640277458826,-0.005959432975113254
2025-01-07,-0.015975424378831628,0.002673491164399764,0.0027888285761736077,-0.005158100501891002,0.0007814688719204402
2025-01-08,0.00078084946661382,0.00017486520627428039,-0.004255332471123077,-0.005319038248737575,0.006937593118191728
2025-01-09,0.0028972250172148188,0.004388831496001435,0.0044564471496810745,-0.003706677338813316,-0.0007801178062709482
2025-01-10,-0.008743166251044087,0.007251037745086567,-3.057146141839572e-06,0.002053156369958239,-0.0018842312935659635
2025-01-13,0.00668592458777374,0.0030890515317593113,0.00298192246896485,-0.0008239741104382483,0.0014200456791341946
2025-01-14,-0.0163152006226896,0.00035176309921690303,-0.003987428932160622,-0.013129387399949833,0.001237134631399715
2025-01-15,-0.00036079798647316574,-0.006259181161750798,-0.005915035064064257,-0.012424200915810398,0.003878205496249244
2025-01-16,-0.011810161997624564,-0.005025568315376863,0.0035715586321001143,-0.0033411910671430514,-0.003473604467726664
2025-01-17,-0.006218361078021592,-0.0012261235217733383,0.0018056381043900665,0.0030461195163213116,0.002494140757724977
2025-01-20,0.0007739867131641401,-0.0027475610107964158,-0.0033082062174300416,-0.01618502905635141,0.0020712661837543906
2025-01-21,-0.008304133652839524,-0.0006348565149272301,-0.0031786523250987775,-0.002698381056909784,-0.00012643961082163793
2025-01-22,-0.0035455554422982537,0.0005832496244855358,0.004801739137659078,-0.0028574871391045266,0.0013160619537650688
2025-01-23,0.010362928092144405,0.002948463771783654,-0.0044576475714693115,0.008630026669250687,0.0033883724447950716
2025-01-24,-0.0054689186952314875,-5.249389029545611e-05,0.006870691813023854,-0.002010130870277182,0.002916946140085351
2025-01-27,0.008656921120651419,0.0027325082191310096,-0.003302482938591475,0.0025979339084455707,-0.003129057936221186
2025-01-28,-0.01099706854657618,0.0006223720740506012,0.002853567702433532,0.0011475428405247794,0.0027604745602664536
2025-01-29,0.005598041779152828,-0.009577332831769357,-0.0010144739029959386,-0.012483398878843205,0.00010593418490244681
2025-01-30,0.014715686206579004,-0.004396676969093772,0.0027127497243293725,0.004909243299790424,0.0005186222940465436
2025-01-31,-0.024416445001272893,-0.0004204377786080774,-0.0018764560084567703,0.0015923790327377276,0.0005195909730050825
2025-02-03,-0.007668952554704768,-0.005748473714205538,-0.0003511716242891769,0.0033496118380475374,-0.00015072896639477823
2025-02-04,0.0060707212718054005,0.0032996436499810227,0.0004636767015828845,0.02385742623861796,0.0038751224913211946
2025-02-05,-0.001730453860429927,0.007953754161718486,-0.003708749823125891,-0.012204677636991531,4.884612045236392e-05
2025-02-06,0.004011458733713088,0.006393809258486583,0.003263297381680503,0.01064817989856665,-0.0030586383851495063
2025-02-07,-0.005739851867158206,-0.0007672143546510401,-0.0017528542658863406,-0.0014246851164021336,-0.0008805895679091866
2025-02-10,0.0011658978747289992,0.00775363068424976,-0.0006143996613600744,0.002023973426418056,0.0008360841504314268
2025-02-11,-0.0012567723539207948,0.0010433372860105586,-0.003677397498434049,2.6926528192546947e-05,0.0039876443528911515
2025-02-12,0.011977820616598073,-0.0013854298555901984,-0.009949334635181242,-0.002245418000388261,0.0021092840548465005
2025-02-13,0.0028442084330121313,-0.002767013317704699,-0.0004641110504006761,-0.003118997569432551,-0.0022516058362411317
2025-02-14,0.0036760266207520216,-0.0012123484324406417,0.009950461686451664,0.002277052413438054,0.007755569750036675
2025-02-17,-0.003818769661224674,-0.001640884092706144,0.0034384171515920952,-0.008803042180030075,0.0010943259329339388
2025-02-18,-0.004576062240724935,0.0011520811118774384,0.0002229584810624214,0.004803475005130594,0.004126172213997045
2025-02-19,-0.00402558187819621,0.001102869905249323,-0.0007515633168330708,-0.002197166429311524,-0.00015514330073168744
2025-02-20,0.004244521423782968,0.0003152301007670723,0.0003898635712481855,-0.006480416034242147,0.0019000777341163482
2025-02-21,-0.00390984480820263,0.0024846908487317493,0.0024884764607008398,-0.0024000771479748824,0.0028184055135552144
2025-02-24,0.0031977485689641287,0.0062532313739317065,-0.004423251261235379,0.007842895301175438,0.003954584135262768
2025-02-25,0.021054007986454383,0.005047770677206619,0.004757286778675488,-0.0029120105220973402,0.0034721049161346752
2025-02-26,0.009011247034316924,-0.007124489842249518,0.003161525261764976,0.0024507217092577223,0.0029165910002189334
2025-02-27,-0.0029602353216784116,-0.012469605674509774,0.003172742902831738,-0.004085737654292839,-0.0006452601935823259
2025-02-28,0.012312139221639448,0.004971599556196369,0.002053902955238909,0.004847531099541717,-0.0014152381258681849
2025-03-03,-0.003780753730215514,-0.006534393492077106,0.0003784666307759596,0.004413046432741224,0.001297822530972593
2025-03-04,-0.020081245351778538,-0.0008238270094634177,0.002991444943867279,0.011391652999778469,0.003099384217023208
2025-03-05,-0.00978086310917404,-0.005550565130296798,0.002667256534965512,-0.000753383672995293,-0.0003681621023298212
2025-03-06,-0.01840791921025856,-0.008709902187900099,-0.0011161628437640952,0.0043119288285474395,0.0034955158971431595
2025-03-07,-0.003215134840413087,0.0030073136410239403,-0.001994407091587604,0.0008884052372336673,0.004657850236458538
2025-03-10,0.000484183791895517,0.0040957758015132345,0.0007074251810479467,0.008075230691178086,-0.0024489627572202594
2025-03-11,0.017064373122752826,-0.0025825520036335974,0.0064960806059807495,-0.004012994325652382,-0.00221076211138884
2025-03-12,0.0035692737376416266,-0.01265521146072455,-0.004656428302615603,0.004770031877263687,-0.00012112517671600895
2025-03-13,-0.0018910052880886424,-0.002431222241262414,-0.005570101063009761,-0.0008681837767000901,0.0012228380045675885
2025-03-14,0.008594055811834892,0.0022590200270127324,0.000959043364946067,-8.512906265098655e-05,-0.001273701041301153
2025-03-17,-0.021811353090078853,-0.007094557843870643,0.0005035508074240722,0.0008505149066902371,0.004356608036601433
2025-03-18,0.0026561455810856596,0.001216799598895778,0.0009933666574816328,0.0018134423785600643,0.0015722005845553535
2025-03-19,0.008008651938869668,0.00022345075413502218,0.001275812791634001,-0.0003973742587317477,0.00041834114472221845
2025-03-20,-0.014485862457798416,0.0031964574980054418,-0.0005928090185392205,0.0015882790990231555,-0.004007728571605582
2025-03-21,0.011737540432069291,0.0008979018420707663,0.006259453754408329,0.009768708345373108,-0.0036474474492825208
2025-03-24,0.0036849640749441414,-0.004565344704407778,-0.0061036159139060625,0.006212698113691311,0.0011430277508454188
2025-03-25,-0.003852879139008013,0.006282857508322456,-0.003013988099120984,0.00551492755498138,-0.006097786878464509
2025-03-26,0.006627818661062848,-0.0004926478651348501,-0.00011301904059618952,-0.002433237156143224,0.0033379122289322154
2025-03-27,0.02300692857804396,0.00016347730245034066,-0.006272755244616669,-0.005035444969369947,-0.00017446153311696095
2025-03-28,0.0021186625505849517,-0.00436633979536598,-0.00040341761772828464,0.006031803349426519,0.010029278908784198
2025-03-31,0.002782205863003361,-0.0019164112559575516,0.006945880662912072,0.005556280755178765,0.0072237487518483304
2025-04-01,-0.004293608995402441,-0.004124013570134505,0.0003835459531838471,0.009136024054505892,-0.0002443472077425503
2025-04-02,-0.008198443694647919,-0.0005647302996171151,0.001222803622874734,-0.0033238837558153774,-1.9011007593944924e-05
2025-04-03,0.008603358165442457,0.008858542400711718,-0.004740659060690321,-0.0010772919321620825,0.003286744542006089
2025-04-04,-0.008260838259088672,-0.006559505714656782,-0.00216544563215791,-0.009536904975152605,0.0054095178297541135
2025-04-07,0.0010156623721939246,-0.0077678069893837055,-0.0012007855212957479,-0.0020548266363652375,-0.004614087172308051
2025-04-08,-0.004476574467651167,0.007655851637468043,-0.0009708603870249362,0.006279423063476683,-0.00505912639606406
2025-04-09,0.00508979825746392,-0.0007466183857593306,0.005426575180015075,-0.002498972275369188,-0.0015661044166631443
2025-04-10,0.0036366210528694844,-0.003045363693299583,0.0025307642429004983,0.004142878771204943,0.002048212749521593
2025-04-11,0.010675399442578995,0.0054995234369803825,-0.004145831827748128,-0.000843018635986868,0.0017906207715227913
2025-04-14,-0.004800163988547472,-0.0027280776986843207,0.0012860191137280196,0.0022443421693293638,0.0035093143649515507
2025-04-15,-0.0023987493529337126,0.00943004856773468,0.0022928869939871405,-0.006586148338894004,-0.003299092585095925
2025-04-16,-0.009487637157823074,0.0036896293566963455,0.004860596154085066,0.0008112566978034063,-0.00664843158890663
2025-04-17,-0.004142932600761114,-0.0021395570407285133,0.006622162746273494,-0.01764681582540434,0.002874042585906436
2025-04-18,0.00407300493044852,0.011086541066327518,-0.0037603767673114745,-0.0008213769489719092,-0.0021845888188957037
2025-04-21,0.007869886166453519,-0.002728574615016692,-0.0029434300448413528,-0.009482839462290841,-0.005755463593165914
2025-04-22,-0.008921653241776255,0.004010476860046535,-0.004730311435658465,0.007535967099280896,0.0007351912378781449
2025-04-23,0.008996059201056603,0.0017964629020324595,-0.000636079436427925,0.004964444116587067,0.002679527064656032
2025-04-24,0.01385637858804951,0.006808706446993991,0.002165433497785337,0.003100025891796486,-6.617139636383183e-05
2025-04-25,0.004434349032237009,0.008107555983634263,0.004249338066356407,0.00942603736295628,-0.0010735451585474679
2025-04-28,0.01906795812558066,0.0004600207453288331,-3.804094570091087e-06,-0.005393499124949024,-0.0001780866964377197
2025-04-29,-0.00743789199103573,-0.0034670893517309174,-0.0009793900930193757,0.010784179187493349,-0.0008117482872023486
2025-04-30,-0.01214654703311417,0.002599860714695582,0.0009070319689949615,0.005893149385562309,-0.0037441413358205015
2025-05-01,-0.017487202489042786,-0.0030885768487605306,-0.003040571606520092,-0.0011193317233136762,-0.0018440420309712956
2025-05-02,0.01526044311489183,0.010366936237633115,0.008658154886779094,0.007113720883097665,0.0018638397150414435
2025-05-05,0.006843656563540578,0.0009826766554136871,-0.006130644108472235,-0.006337761074469805,0.0012650356241295003
2025-05-06,-0.00025584670910455074,-0.0015266077565605435,0.0010389623155828978,-0.004647084969166041,0.0008041794179004607
2025-05-07,0.0030996862631982028,0.0012234015293245421,0.008394424876918558,-0.0033515383394382026,-0.0026854454455601385
2025-05-08,-0.010954890472983765,-0.006435631447648482,0.00032719937823999105,-0.0028738662483840916,-0.00024450948640700144
2025-05-09,0.024757519796168265,-0.004558070192553258,-0.0004601561400059779,-0.006039345856561517,-0.0062311951393285644
2025-05-12,0.001592211819752275,0.006302069539722127,-0.0011297816912417087,0.00763849840257195,0.0008354299916561692
2025-05-13,0.0013939479460489293,-0.002984471394856979,-0.00042156672704963134,-0.00125312640221899,0.004586573123440702
2025-05-14,0.007557666238986923,-0.004934554913409698,0.0057913938987061205,0.0024150298101412774,-0.004122396396126317
2025-05-15,0.005110092317367133,0.002983263762636431,-0.008547447645318028,-0.0031221081984820834,-0.001457783019953266
2025-05-16,0.0025388402427913136,0.0062285207733149845,0.006433734805185302,-0.010623619803291103,0.0012873203361303887
2025-05-19,-0.00760474455445312,0.003894766553325334,-0.005395828609800581,0.0019203441503485325,0.004058527903282452
2025-05-20,0.005014683571359957,0.005280238429029082,-0.0007666093169376592,-0.011173529852518661,-0.0010446738489004485
2025-05-21,0.019120244964750337,-0.003483975442847304,-0.0014169776811946474,-0.00011180427651281169,-0.0017767509877976892
2025-05-22,0.013754200461549777,-0.006809053333709219,0.002654213079082879,-0.007909890232996862,-0.00560676942724825
2025-05-23,0.016231866266393974,0.007806668259777434,-0.006092497407534991,0.012223655995384847,0.0006103143879243191
2025-05-26,-0.004812156764311853,-0.0013133991942106788,0.0021486906643277716,0.00576817633304833,0.006426228120431233
2025-05-27,-0.009596048202585809,-0.0009541650822752368,0.00839723849314741,0.0009345227476288825,0.0011320753858940276
2025-05-28,-0.0009578692009964815,0.0069409707092452895,-0.005152696018371242,0.007882240065928012,0.00023316306244886
2025-05-29,0.000857249122886946,0.0030811500470032996,0.0010588246704415826,-0.004777895864794415,0.0012662469323009564
2025-05-30,0.011241915184709485,0.002579438860408038,-0.002347928711186436,0.003560876272020558,0.0002667239881541938
2025-06-02,-0.016624646297148195,0.01112501172450542,0.002003548824772143,0.0014988626023122809,-0.00213904311678039
2025-06-03,0.015595503194606137,-0.0029175911519007153,0.00037659110966300823,0.00188412048800202,0.002769839747033116
2025-06-04,-0.0012800789857898942,0.004939200640406186,-0.0022659476361772384,0.007934121000640608,0.000977284569335263
2025-06-05,-0.0039688106994742005,0.000585065624485423,0.002251489139484296,0.0046949526166788135,0.0003528397558009719
2025-06-06,-0.009821043752601677,0.001642961394316287,0.007517392439146973,0.0020323419769501397,-0.00262609808183475
2025-06-09,-0.0162485667186577,0.00794234213206266,-0.00046361516690919476,-0.009629324617369777,0.004210523795804277
2025-06-10,0.008531705839619146,0.002839178781448119,0.003179031768592728,-0.005460277771676783,0.00229410823599933
2025-06-11,0.0010331796718840388,0.002991480395248165,-0.004873091831484655,-0.0004362536015743449,-0.0013587625121019061
2025-06-12,-0.01259960899741054,0.005662536686549011,-0.003525745507272035,0.0008602342456599074,0.0033054745610458115
2025-06-13,-0.012650787720636162,-0.0015247636477144267,0.0021896251115215096,-0.006481222348043543,-0.0011927125151556216
2025-06-16,-0.0030578469929012824,-0.003896048336695032,0.00623646411414386,0.014770060053470526,-0.002046010477533111
2025-06-17,0.01699021525289393,-0.004924045970105168,0.0017224533951426398,0.009398364331521438,-0.0019791093524408614
2025-06-18,-0.002295913513636048,-0.00953178294688001,-0.0009522321220926174,0.003912709922354902,-0.005013205659264274
2025-06-19,-0.014731429531181062,0.010581035649701611,0.0002971656216934163,0.0007322211677024696,0.0017146271412546172
2025-06-20,-0.0021574306408594407,-0.005216041828608416,-0.00470163093587887,-0.0009732538194069131,-0.00519343463501505
2025-06-23,-0.002427235697476702,-0.00080626811792886,0.002718061305421467,-0.005411510760133413,-0.003385331493797288
2025-06-24,-0.026668866429415718,-0.0010840664994446034,0.0038293322492936365,0.0007648831111131751,-0.0059267640272356
2025-06-25,-0.0002429486651781221,0.0018370334890455034,-0.0015083613313323216,0.001846515240856504,4.1790921627320784e-05
2025-06-26,-0.0020093453020867797,0.004378686062696483,-0.001580168591038006,-0.007150563452889746,-0.00015096138081561623
2025-06-27,0.0072620636481341835,0.0046023674417987265,0.001363512918608194,0.0023050585034693847,-0.0006800886395590922
2025-06-30,0.018789560949453454,-0.0026153871928446923,-0.0014468789441623821,-0.0006315542929484926,-0.002827733084011729
2025-07-01,0.011565650295477575,-0.0005356085689320575,3.5469541496710144e-05,-0.011146845347264346,-0.00321670126030992
2025-07-02,-0.002388886905548305,0.0017128997524414981,0.008698887156666061,-0.004862310064677012,0.0016931095906397226
2025-07-03,-0.010765259087416702,-0.0009434556309177354,-0.0006881028029839867,-0.0021816332005298654,-0.001351655795125463
2025-07-04,0.026033598032498603,0.008336727880099964,-0.0011333606080848894,0.01162612594404114,0.0012490749646084341
2025-07-07,0.0008921843401448826,0.0027548747581912568,-0.0022901672225406375,0.0036393187472025484,-0.0023557460583726675
2025-07-08,0.00043929291912946203,0.0039743889302490875,0.003276767885999747,-0.007712889414599346,0.000843188228313247
2025-07-09,5.8749128899967193e-05,0.0036144063433370638,-0.000424896692872412,0.003216217736505822,0.004209834111948191
2025-07-10,0.0022808476076785532,0.006167369287426625,-0.002297492153285704,-0.008983823933630194,0.00205849740117835
2025-07-11,-0.0011436041192394275,0.0012051077935185347,0.005585216129092048,0.00679614632332244,-0.0009372414546494411
2025-07-14,-0.005436620068802363,-0.0061841597397792325,0.005978412018054549,-0.0025267479109072717,0.0010715969110677822
2025-07-15,-0.005168589412403921,0.002298439758763208,-0.0021016942629548205,-0.00026181713243502526,-0.0004219955235906391
2025-07-16,-2.75327021599839e-05,-0.0029567844689591454,-0.007166159805442465,0.008254779885253144,0.00032364055408418444
2025-07-17,-0.00513424771133765,-0.002343083408748784,0.004330054759347689,-0.0074229814115055,-0.0006768331564455121
2025-07-18,-0.006828457826771644,0.0032318200937754664,-0.002438519303040016,-0.008082709110677948,-0.00019300561765617428
2025-07-21,0.0013643022769189684,0.006491415357168178,0.0034625023966510745,-0.0032015959580760293,0.0009362800592225266
2025-07-22,-0.0022497721742085522,0.0004063578836803082,-0.007580415270847343,0.0065302731061158996,-0.002680076098745852
2025-07-23,0.015339929885826884,0.001844165062994819,0.003870389353197237,-0.008816076452861057,-0.0027476364809699352
2025-07-24,-0.02620969808393012,0.00881107472317619,-0.004544687717123125,-0.01669293358866342,-0.0038656276614936333
2025-07-25,0.011215068519224618,0.0015037658974428412,0.003223056476266098,-0.002406953150453993,-0.00450081331351113
2025-07-28,0.01276085192497629,0.013308415570901976,0.0003570922713457364,0.0036104447994655224,-0.003351848076661438
2025-07-29,-0.020433902324081495,0.003127548228157721,-0.0035157576775865797,0.007501570498432975,0.0007783875204123875
2025-07-30,-0.003126875940803488,-0.00850381379577909,-0.0013281452517071221,-0.002478968172512394,-0.0023783625464756522
2025-07-31,-0.0034144086599579146,0.004066708105522662,0.003045273827826803,-0.002168559642696015,0.0018408433926932887
2025-08-01,-0.013775116947178213,0.0022057919244138887,0.0007235778124609371,0.007223404405534485,0.0004041412462576856
2025-08-04,-0.007478166875908753,0.006748763770413729,0.0026376519218899376,-0.010918450198172523,-0.005605512640314161
2025-08-05,-0.010805758454658289,0.0036659067563497923,0.008205762338061943,-0.0020311246510980557,0.002264926752665069
2025-08-06,0.01782270443423623,-0.00039227991991886915,-0.005956966446844206,0.0014425433395503465,0.0027323959367751296
2025-08-07,0.009656783931474611,-0.005821491181446829,0.006768850299874496,0.0029953123277102057,-0.00268158802450456
2025-08-08,0.013015550949941588,-0.000745116286430126,0.0007174237500928517,-0.0027588401591452953,0.0015605746286849749
2025-08-11,0.00751672064043235,-0.003952602271046499,-0.003295136193292513,0.0005066460702350481,-0.0022694947122275967
2025-08-12,-0.01099051771217229,-0.0026026172490236136,-0.005021254502955959,-0.014629964120477937,0.0005930111302450061
2025-08-13,-0.004945202662797737,0.003242892022103048,-0.000456481563108134,-0.0036494904740030903,-0.003493495220864897
2025-08-14,0.005193745612279181,0.008649522521757031,0.003986600447697837,0.0030210522753268045,-0.00507931935760373
2025-08-15,-0.011921278088919454,0.0022733576491149056,-0.0002101964815101369,-0.005593764205528077,-0.0008484515688389061
2025-08-18,0.007429984301723881,-0.0056794153101759216,0.00634461972098939,0.0006539053295375839,-7.118683882450848e-05
2025-08-19,-0.0021032539815813486,0.0025230133411007034,-0.005504702760206236,0.002981235004816186,-0.0008930390808438122
2025-08-20,-0.0034482080754959722,0.0062831574332282555,0.00025164420861578175,-0.0017552952051465899,-0.0032520916746676784
2025-08-21,0.0074095996820349175,-0.002748914521596911,-0.004709573777652476,0.0013227826259794254,-0.0008996971863934113
2025-08-22,0.004742633114860399,-0.00037008583336458847,0.0017545275304998715,-0.0054763953917076735,0.0011078842577422019
2025-08-25,-0.0033096616581907994,0.00037344097364598545,0.003847549560389201,-0.0009396676781762799,0.00016532090963238902
2025-08-26,0.011893298033642481,-0.0036244915654112,-0.001383047174724213,0.003961297017535335,0.0008475030917976402
2025-08-27,-0.010510633275998974,0.003541402169219295,-0.010116855426508538,0.0012418377658106052,-0.001710345601362699
2025-08-28,0.006459356069442638,-0.00030474074303890787,0.0010957925871859782,-0.003219187617383613,0.0038151537441484793
2025-08-29,0.006231012579683838,0.002397662219535139,0.0020469542069340373,0.0016452984257447581,-0.003228520009664342
2025-09-01,-0.002795464393139903,-0.0041374608890105006,0.0019171790198467898,0.004587658743819708,0.001762680891260156
2025-09-02,0.0035613302224211797,-0.0018872915016170523,0.005243128767288617,-0.011999647671464869,0.0038456732788798844
2025-09-03,-0.012211135763853033,0.003911906789138856,-0.003984214718596195,0.007254444389735386,0.0017427242782466863
2025-09-04,0.00954027019206901,-0.001564165760458835,0.0030208644218017978,-0.0017175284320864318,-0.0003075726811944899
2025-09-05,-0.0015490213644298904,0.008934819256167025,0.0050700300499119,0.0028529395994413816,-0.001284891139988937
2025-09-08,-0.004927230205190395,-0.0016981809280730118,-0.0068143503360260675,0.007483481541871367,0.003408262953138768
2025-09-09,0.010790092258368893,0.0014234236287594296,0.001578607303675909,-0.007930042183382795,-0.003968924775785019
2025-09-10,-0.0067434369054275925,0.004962954159365449,-0.001716719324030686,-0.00395664601456528,-0.002610372781138931
2025-09-11,-0.013784612963635597,-0.006791828664665159,-2.6090692406583593e-05,-0.001431292175254229,-0.0008926732964751643
2025-09-12,-0.015266291735239038,-0.00850404405990388,0.0016907059341533454,-0.00440252112674657,0.004012961272535994
2025-09-15,0.0063600995134563965,-0.007328281572850474,-0.0016489142564542092,0.010709619455020851,0.001439302908122688
2025-09-16,-0.012504293524962832,0.006612920517135911,-0.002402832316646447,-0.004840632562960757,-0.002604137275530736
2025-09-17,0.017847941819843647,-0.002459290729462234,0.0004366096699520984,-0.0030332806769212,-0.000630923116154711
2025-09-18,-0.020519294078837222,0.013090996428341262,-0.004048983755451209,0.0015263341896178608,-0.0015429694322888832
2025-09-19,0.017264563682900382,-0.002521237993286943,-0.004043300515540742,-0.006912897156456533,-0.0018293669767006054
2025-09-22,0.002410174672026184,0.0012227565159851849,0.003017493131826013,-0.002074084270537583,0.0032366686756703372
2025-09-23,-0.0006671311187039239,0.008010549762839379,-0.004295176140634624,0.002204719567501049,-0.003815229387790516
2025-09-24,-0.005149190868089495,0.010330464440795615,0.0029652500036368478,-0.0016971624262950658,0.00512634256720312
2025-09-25,0.004291361143520708,0.01060751788318199,0.0021503651714158047,-0.0002603211533996901,0.0027846890705538682
2025-09-26,-7.634702424848382e-05,0.006341831152965712,-0.006603226915162387,-0.0028759926746902264,0.003572585011811094
2025-09-29,0.011333018820165219,0.005420312629057312,-0.0024102586093426204,-0.008786821855084602,-0.001088818536075775
2025-09-30,0.0014422764866203965,0.0032626347460059154,0.00507643761218949,0.0022295592680354314,-0.0001498221572373282
2025-10-01,0.001803017614618776,0.004191805380833189,-0.0036246621245587265,0.01082959842988345,-0.0039994554435741365
2025-10-02,-0.0033361221221385588,-0.002455928581642667,-0.0015576170492375505,0.00041040978470062873,-0.001273987221200409
2025-10-03,-0.0002694562372106746,-0.003790994417111536,0.002148243573007586,0.0016515847034852976,0.0017809645429294526
2025-10-06,0.0033780176889205917,0.0002831277129452397,0.003433562037130382,0.004456336530701158,0.004188189185344189
2025-10-07,-0.016801683926566256,-0.0005509231126246423,-0.0007061555441779828,-0.0073159829792801955,-0.003021470450407355
2025-10-08,-0.01318185422105713,-0.001966140246636376,-0.0020900407787665665,0.010515087948777634,-0.0007965178109557976
2025-10-09,0.00773264094022715,0.0037819372372835773,0.00598947944679403,0.0015139727785368122,-0.000153897660697567
2025-10-10,0.0020086543812794185,0.0050765260428525544,0.0072555986551903155,0.010091141394534653,-0.0038873676065774554
2025-10-13,-0.0015398333635267914,0.0007420344314592366,0.004215432203127182,-0.0040981979731439366,0.002074047725275201
2025-10-14,0.00048433933065393156,0.007687650405276308,0.0006412725702600962,0.011208371535346949,-0.0018719709952278274
2025-10-15,0.0037758170536167104,-0.005408445570667525,-0.0029330628865637054,0.004950932964208697,-0.00028617105353107193
2025-10-16,-0.005097596803093615,-0.0006682972963985907,-0.003021777626226261,0.0036182405151141506,-0.0010558481157356332
2025-10-17,-0.007483047254023127,-0.0032841116030140247,0.00239005642106303,0.0017041467261188876,-0.002068015517159023
2025-10-20,0.0022584525509768156,-0.0090326830853653,0.0019735928835547347,-0.0011911717084466963,0.00027886504355833586
2025-10-21,-0.00948372777615032,-0.00011340342921349627,0.005906394371785717,0.007503189950843235,-0.00034682873570406715
2025-10-22,0.004382527557144718,-0.00030873754191641773,0.0029018003701445573,0.0011421592190882818,-0.0008155736468359968
2025-10-23,-0.016725836042378404,0.007867248716210655,-0.005712321207039273,-0.011502418221522917,-0.0018853848650410283
2025-10-24,0.010591556373256436,0.003454058422773888,0.004507790470891674,-0.006403118770242016,0.0012585740123488662
2025-10-27,0.0050259748241304305,-0.004820934121646025,-0.0036922425092576518,-0.0008150745131564826,0.005260851805476855
2025-10-28,0.0028602973431387565,0.009570462831670942,-0.0012358850878094064,0.002159993898993329,0.0007196616985173821
2025-10-29,0.010126909839455139,0.006405168477626765,0.001300800825006778,-3.953093339937506e-05,0.0032883546447333867
2025-10-30,0.016954744444625768,0.003210488517343079,0.008282669959135857,0.0076138247387619795,-0.003870665775460388
2025-10-31,0.010443700650181305,-0.0008324204942491593,0.012739674224021443,-0.01140661118423175,0.0007732843178813085
2025-11-03,-0.018108742313316453,-0.0044971961836173975,0.002726892236544731,0.0011615276190309611,-0.0029921049569132
2025-11-04,-0.012495769667357015,-0.0015610338803552647,-0.0004327864748815515,-0.010607875352322929,-0.004130774782595705
2025-11-05,-0.005948185776956789,0.005743743098520929,0.002438022593922201,0.004858273772905011,-0.0019181142223771085
2025-11-06,0.0005609105021083378,0.009722931529673044,0.0038506217034953443,-0.00026675228665201656,0.003875698003240718
2025-11-07,0.005476590204691231,0.008016217641360944,-0.0009826705022287668,0.0028176598321447087,0.003150047486008937
2025-11-10,-0.006957438131534656,-0.0021442471089313706,0.007480845423649289,-0.004883297763538597,0.001029014166163199
2025-11-11,0.002167667644770783,-0.0052980871664450565,0.0012202830367656083,0.007976789589946506,-0.004298101679669792
2025-11-12,-0.007253829323533225,0.0010044312345560196,0.002290972356365577,0.006550347984353108,-0.00028884195416381043
2025-11-13,-0.0058151780299194825,-0.008542196827814258,0.0029636970082178456,0.003801265818071326,0.0012051000267052066
2025-11-14,-0.013766610968482224,0.0019158385709239073,0.001986346442457823,-0.00047710348118064463,0.0008266086887357937
2025-11-17,-0.008932332461109043,-0.00043801293149334344,0.00365576200187845,0.003779143711770793,-0.005231380750442238
2025-11-18,-0.013216846056163337,-0.0020301825093412113,-0.0021690127461876938,-0.0039413554079240935,-0.0023709535440596154
2025-11-19,-0.009458732529773327,-0.007673515336333978,-0.0019332070157841222,0.005433333954124273,0.00010776670755385008
2025-11-20,0.010836417966078395,0.002868000532848583,-0.00410061693188678,0.010196885365943526,0.0019088727285515698
2025-11-21,-0.00919398888831943,-0.002363504198309557,0.0020580049224809055,0.006723663359875117,-0.006288383463299839
2025-11-24,0.02662382064837391,-0.005549584178551441,0.0034157460140484563,-0.004077614818844457,-0.00018637192643957535
2025-11-25,0.005233179008808892,-0.014061311066408247,0.0021310914646075433,0.0024685039036386174,0.000729146309636857
2025-11-26,0.002148361236948739,0.00016242547474681868,0.0069979697333901495,-0.0074588492625518865,0.0028488359655486394
2025-11-27,-0.008283577801812134,0.009161257983348721,0.0002776159246838138,0.0037343418670540544,0.0023785727527123103
2025-11-28,0.007303098794089912,0.00860629607273935,0.002974966622370051,0.003003620477175233,0.0020477139564264155
2025-12-01,-0.00545637826237774,-0.001985481282931359,-0.004066803504557257,-0.010918898037192985,-0.0020998215201058026
2025-12-02,0.0015200981464536143,-0.002711060301808903,-0.001248398809897604,-0.0066707030634741826,-0.005424006411369923
2025-12-03,0.025900845382687946,0.002643871280375119,0.00308215103026311,-0.0013988333804626028,-0.0008791582711842029
2025-12-04,-0.0006605989972464988,-0.004691927195941458,0.003696408442972576,-0.0015051584828449575,0.0033048954756256803
2025-12-05,0.011792733262856759,0.0018089594990973298,-0.000875867790656729,-0.006956861612512832,0.0044803635825732945
2025-12-08,-0.006731764251258874,0.004130401391923452,1.3602992567732654e-05,0.002633872376113104,0.002431647306893356
2025-12-09,-4.988490496961702e-05,0.006434666119421538,-0.005771494986723238,0.0018088416536430735,0.001588022468405203
2025-12-10,0.018008006356355098,-0.00020077038239976394,-0.0011281168032264376,-0.0008656147918711159,0.0014389189451578964
2025-12-11,-0.005969670577877674,-0.0007183687508848294,0.003861532654079145,-0.004234749000950178,-0.0013683562402823418
2025-12-12,0.01842448557996929,-0.004089912933782806,0.002600820064426265,0.006592242758499381,-9.018088066086013e-05
2025-12-15,0.007377519354554754,-0.0038344017701993005,0.002302662885524839,0.010232442678529772,0.005307208577478994
2025-12-16,-0.005324667758942677,-0.0008323944595076338,0.0004990947487238403,-0.0026013689030792227,-0.0025276740173756297
2025-12-17,0.006624077390555209,0.00213682753408089,0.0003282526345127058,-0.0033730015029289247,0.005144336372129554
2025-12-18,0.010025544496267297,0.004867923131166247,-0.0023412845578937884,0.003247245992471979,-0.0006660844634761752
2025-12-19,0.006518099622171964,-0.0037158947534017242,0.0030953136808101393,-0.001848176278481918,0.004276296327285235
2025-12-22,-0.015402247198904564,0.007763442844797609,0.0019838917775575594,-0.000536383203979405,-0.003920445028492615
2025-12-23,-0.006971371758248686,-0.001055618005212844,0.0022680753919711973,0.0047379189103480285,0.0020577126034939473
2025-12-24,-0.0021751863555150475,0.00019316352825781918,-0.0018041393706703217,-0.011156136525043757,-0.001910310407842866
2025-12-25,-0.0004443342910004629,-0.003436058395739117,-0.008313371679484977,0.008209813949116017,-0.003945801575772563
2025-12-26,0.00650672097550678,-0.011821201301364707,0.004688610847014783,0.000736083145976048,0.0009556021272328371
2025-12-29,0.0020770100093325384,0.004720226981805248,-0.0016153498240336168,-0.0021689588673730813,0.0033284153657879064
2025-12-30,-0.013053443587101013,0.003984219485462167,-0.0031511030561724826,-0.0002354049253286936,-0.0022348243157804893
2025-12-31,0.004101978510059632,-0.001106637785591067,0.003073915647655975,7.457613012311237e-05,-0.0041970478813752035
